episode,mean,ci_lower,ci_upper,std
0,-2000.0,-2000.0,-2000.0,0.0
1,-2000.0,-2000.0,-2000.0,0.0
2,-2000.0,-2000.0,-2000.0,0.0
3,-2000.0,-2000.0,-2000.0,0.0
4,-2000.0,-2000.0,-2000.0,0.0
5,-1994.6666666666667,-2004.7655461057889,-1984.5677872275446,19.95550606279435
6,-1946.2,-2048.0724463421457,-1844.3275536578544,201.30116740843806
7,-1964.5333333333333,-2010.5850817510202,-1918.4815849156464,90.99880341093622
8,-1838.8666666666666,-2020.3529173607415,-1657.3804159725917,358.61899311417153
9,-1801.7333333333333,-1964.2703207887475,-1639.1963458779192,321.17502324364443
10,-1879.3333333333333,-2034.4444819509663,-1724.2221847157002,306.5014772485698
11,-1519.8666666666666,-1791.082944378535,-1248.650388954798,535.9265953053231
12,-1411.9333333333334,-1656.583312447199,-1167.2833542194678,483.43127283571096
13,-1576.2,-1795.9386955073887,-1356.4613044926114,434.2062797027852
14,-1479.4,-1781.9388967268692,-1176.861103273131,597.8204635730251
15,-1414.1333333333334,-1655.1421018042784,-1173.1245648623885,476.236197233637
16,-1324.5333333333333,-1642.893750300388,-1006.1729163662785,629.083976022986
17,-1408.4,-1708.781028305791,-1108.018971694209,593.5564898698915
18,-1301.4666666666667,-1592.8418992873724,-1010.091434045961,575.7609303251558
19,-1104.4,-1436.0562378324214,-772.7437621675788,655.3566764238642
20,-1203.6,-1514.6708090091386,-892.5291909908613,614.6796238692153
21,-1119.7333333333333,-1441.857991571195,-797.6086750954717,636.5221616112216
22,-1246.8,-1562.1359041969902,-931.4640958030097,623.1075027633675
23,-1180.2666666666667,-1476.7357403867004,-883.7975929466329,585.826421011852
24,-1071.7333333333333,-1418.0800409294025,-725.3866257372642,684.3852196598704
25,-1059.0666666666666,-1409.9685620055416,-708.1647713277916,693.3863248980005
26,-1048.9333333333334,-1397.884212392221,-699.9824542744459,689.5310934895459
27,-960.4,-1249.9556705126743,-670.8443294873257,572.1654539262805
28,-953.4,-1268.2377907527057,-638.5622092472944,622.1232246642675
29,-986.7333333333333,-1298.145060621917,-675.3216060447496,615.3532824501892
30,-912.3333333333334,-1231.2117626468907,-593.4549040197759,630.1075745898914
31,-912.1333333333333,-1202.1339728879793,-622.1326937786873,573.0447180533898
32,-899.5333333333333,-1201.7171622849855,-597.3495043816811,597.1188454198674
33,-822.5333333333333,-1080.4239115247078,-564.6427551419588,509.59485432601804
34,-687.1333333333333,-907.613489819866,-466.65317684680065,435.6714154293603
35,-789.6666666666666,-1035.3341551477283,-543.9991781856049,485.4418834651809
36,-738.2,-991.2399186201437,-485.1600813798564,500.0098932354573
37,-595.9333333333333,-746.2598069195226,-445.60685974714403,297.04690239459194
38,-575.2,-706.3876674529025,-444.01233254709757,259.22839350657557
39,-618.3333333333334,-763.7486810871738,-472.9179855794929,287.34245925182876
40,-700.6,-939.957638128573,-461.2423618714271,472.9735440099513
41,-821.1333333333333,-1148.6239831579478,-493.64268350871896,647.125424902743
42,-614.0666666666667,-826.6351475234206,-401.4981858099128,420.0378501463357
43,-635.4,-853.8028976218035,-416.9971023781965,431.56672716973907
44,-580.9333333333333,-783.3497466675327,-378.51691999913385,399.97724379713844
45,-590.8,-817.0359059255527,-364.5640940744472,447.0448448794968
46,-565.7333333333333,-784.5060532566297,-346.96061341003707,432.29750044256434
47,-556.0666666666667,-779.6125859931575,-332.52074734017594,441.7293993184315
48,-590.7333333333333,-801.5555242451518,-379.9111424215149,416.58716041450697
49,-469.6,-621.018797543766,-318.181202456234,299.20534754579506
50,-532.8,-779.8587891300367,-285.74121086996314,488.19111011979726
51,-613.3333333333334,-877.0756194413473,-349.5910472253194,521.1578988709234
52,-579.1333333333333,-843.2280818492007,-315.0385848174659,521.854368787138
53,-587.5333333333333,-879.1129399695035,-295.9537266971631,576.1647758140799
54,-565.4,-790.4224775830183,-340.3775224169816,444.647096021103
55,-608.3333333333334,-827.4988990525791,-389.16776761408767,433.07376841467646
56,-533.5333333333333,-754.9941654898053,-312.07250117686135,437.60924223431215
57,-432.8,-554.9679807740147,-310.6320192259854,241.40538519262574
58,-490.53333333333336,-622.7785699772012,-358.2880966894656,261.31816282497897
59,-510.8,-659.3739413646358,-362.2260586353642,293.58387784981204
60,-390.4,-472.3947232817115,-308.40527671828846,162.022549870895
61,-548.2666666666667,-777.771682047288,-318.7616512860453,453.50464410215494
62,-482.06666666666666,-693.0975378184521,-271.0357955148812,416.9995150543409
63,-594.0666666666667,-874.2184662412176,-313.9148670921159,553.5832929399354
64,-502.93333333333334,-757.5511702566838,-248.31549640998284,503.1278785977002
65,-437.8666666666667,-552.935841509422,-322.7974918239114,227.37806011623508
66,-453.06666666666666,-620.1420216933842,-285.9913116399491,330.14289162253505
67,-416.8666666666667,-560.0535904081457,-273.6797429251876,282.9390668599081
68,-460.0,-674.8599484646271,-245.1400515353729,424.56581743392076
69,-509.2,-806.5818435333417,-211.8181564666583,587.630065035251
70,-305.46666666666664,-347.6025101136963,-263.33082321963695,83.26092854528
71,-479.8,-693.8073649640228,-265.7926350359773,422.8811022813228
72,-400.1333333333333,-539.8965728743249,-260.3700937923418,276.1738260991114
73,-477.46666666666664,-692.2554718660824,-262.67786146725086,424.4252374944523
74,-327.06666666666666,-397.29327591584683,-256.8400574174865,138.76861636871965
75,-419.06666666666666,-638.6783838029022,-199.45494953043115,433.9553689289052
76,-307.53333333333336,-390.4050273715897,-224.661639295077,163.75545453171597
77,-337.6,-421.5357753883554,-253.66422461164467,165.85809195413609
78,-414.73333333333335,-633.56325162802,-195.90341503864664,432.4105251057405
79,-366.06666666666666,-590.4783237524125,-141.65500958092088,443.44010744280774
80,-436.4,-661.290414804485,-211.509585195515,444.3861383976777
81,-428.8,-650.551473820381,-207.048526179619,438.18355362412535
82,-472.46666666666664,-708.6289359381085,-236.30439739522475,466.65945708716634
83,-449.53333333333336,-670.5956824625963,-228.4709842040704,436.8218350260843
84,-410.8666666666667,-589.0678207765761,-232.66551255675722,352.1276031339902
85,-403.73333333333335,-625.4153672296661,-182.05129943700064,438.04633950708404
86,-304.6666666666667,-475.9910146403058,-133.34231869302755,338.5389522968106
87,-410.73333333333335,-656.7633974609457,-164.703269205721,486.1583372615232
88,-314.1333333333333,-386.4903151134347,-241.77635155323193,142.97825786539093
89,-319.1333333333333,-410.2775935603269,-227.98907310633973,180.1021438579292
90,-331.06666666666666,-448.8348837390789,-213.2984495942544,232.71139971122076
91,-296.0,-347.6330122821953,-244.36698771780468,102.0274472874824
92,-245.26666666666668,-297.8529684188376,-192.68036491449578,103.91115863509987
93,-210.73333333333332,-239.10844567522219,-182.35822099144445,56.06955997290825
94,-274.06666666666666,-331.8096450716769,-216.3236882616564,114.10081312398943
95,-364.4,-588.3798798519387,-140.4201201480613,442.5869104857636
96,-236.73333333333332,-274.31969331158626,-199.14697335508038,74.27109502057687
97,-287.6,-399.4945901295798,-175.7054098704202,221.1050429094732
98,-286.93333333333334,-410.2136413272765,-163.6530253393902,243.60335702850145
99,-261.8,-320.5582299045088,-203.04177009549124,116.10696217999445
100,-335.0,-562.7608833608908,-107.23911663910914,450.05821845623484
101,-363.0,-591.0797053351696,-134.92029466483046,450.6882144750034
102,-412.8,-668.7887195070214,-156.8112804929787,505.83675891206906
103,-337.6,-564.4754763629894,-110.72452363701069,448.3086436820062
104,-348.6,-573.8155747146375,-123.38442528536254,445.0286582532261
105,-311.6,-540.839300064462,-82.36069993553801,452.97958747240114
106,-335.8666666666667,-563.858460822834,-107.87487251049939,450.5145009381558
107,-354.8,-579.9836864254997,-129.6163135745003,444.96564661405796
108,-291.26666666666665,-415.7662159151739,-166.76711741815942,246.01259227030545
109,-263.8666666666667,-346.5320773123219,-181.2012560210114,163.34783609082663
110,-295.0,-437.1165651647344,-152.88343483526555,280.8240255628662
111,-272.1333333333333,-345.07924882246914,-199.1874178441975,144.1419978894269
112,-287.0,-431.9821890792873,-142.01781092071266,286.4865325514157
113,-243.26666666666668,-303.8637377764281,-182.66959555690528,119.74053430461865
114,-257.8666666666667,-331.6047892228025,-184.12854411053087,145.7074084900589
115,-304.53333333333336,-429.2154730571274,-179.8511936095393,246.37339322436767
116,-392.2,-616.4661200532379,-167.93387994676206,443.15252453303253
117,-260.3333333333333,-328.5652763425633,-192.1013903241033,134.82713211944974
118,-282.2,-344.2206274159385,-220.17937258406147,122.55349852207402
119,-258.3333333333333,-318.86816005989476,-197.7985066067719,119.61753866200205
120,-198.26666666666668,-222.069863454151,-174.46346987918236,47.03540037980849
121,-320.93333333333334,-433.66867848970355,-208.19798817696312,222.76638485692183
122,-243.33333333333334,-295.09833692685237,-191.56832973981435,102.28826369085012
123,-241.86666666666667,-284.81760365674785,-198.91572967658547,84.87156309519827
124,-251.33333333333334,-300.61135820957713,-202.05530845708955,97.37396412228932
125,-268.8,-321.81692720212624,-215.78307279787376,104.76207965353366
126,-231.6,-287.61434785084583,-175.58565214915419,110.68501855867095
127,-256.6,-333.05748723048646,-180.14251276951356,151.0809054778267
128,-235.86666666666667,-281.71404801795404,-190.01928531537934,90.59497165344713
129,-237.53333333333333,-288.9200219846577,-186.14664468200897,101.54070885883924
130,-211.86666666666667,-259.7305878308882,-164.00274550244512,94.57967834347691
131,-218.26666666666668,-244.1884217421355,-192.34491159119787,51.2216967917134
132,-218.13333333333333,-260.1628782206746,-176.10378844599202,83.05088132517854
133,-217.2,-249.38497983980864,-185.01502016019134,63.597903529387935
134,-242.2,-290.3588481516002,-194.04115184839975,95.16245758350996
135,-247.2,-313.0775668389644,-181.32243316103558,130.17485676325262
136,-212.8,-243.26310554242443,-182.3368944575756,60.19545940794316
137,-220.86666666666667,-302.622006117802,-139.11132721553133,161.54952457029668
138,-335.6,-566.2224690080691,-104.97753099193099,455.7127457803508
139,-477.6666666666667,-787.4979531073382,-167.8353802259952,612.2303125095616
140,-392.0,-637.1046851902718,-146.89531480972826,484.329777458844
141,-269.06666666666666,-363.23509128490844,-174.8982420484249,186.07792871685658
142,-279.1333333333333,-369.8024176827982,-188.46424898386846,179.16319066395556
143,-266.4,-399.76961745231847,-133.03038254768146,263.5399526953488
144,-224.86666666666667,-275.10111503178905,-174.63221830154427,99.26386832858952
145,-219.06666666666666,-255.74397217131738,-182.38936116201594,72.47479255269073
146,-216.66666666666666,-258.2427658975861,-175.09056743574723,82.15486730694793
147,-213.0,-246.15742297987987,-179.84257702012013,65.51946275726016
148,-235.6,-282.5585531936882,-188.6414468063118,92.79066044956609
149,-217.8,-255.25837539574948,-180.34162460425054,74.01819596108334
150,-212.13333333333333,-257.12058452363453,-167.14608214303212,88.8953442100441
151,-220.73333333333332,-257.93937508245034,-183.5272915842163,73.51958166970817
152,-210.13333333333333,-255.49663995263785,-164.7700267140288,89.63843421707503
153,-206.46666666666667,-237.11064200881788,-175.82269132451546,60.55286028660322
154,-187.33333333333334,-214.80484116990493,-159.86182549676175,54.28402670726956
155,-195.53333333333333,-244.55436325013235,-146.5123034165343,96.86613902127456
156,-262.1333333333333,-396.2304246792571,-128.0362419874095,264.97744977429477
157,-194.46666666666667,-227.67084672302124,-161.2624866103121,65.61185529731313
158,-192.0,-227.94259759363223,-156.05740240636777,71.0230009691696
159,-190.06666666666666,-225.81276179409645,-154.32057153923688,70.63470975534779
160,-215.73333333333332,-263.7235789298586,-167.74308773680804,94.82929692640114
161,-191.8,-231.24237778723682,-152.3576222127632,77.93860831877014
162,-206.66666666666666,-251.2642802616828,-162.0690530716505,88.12541568065872
163,-194.0,-228.71850462729574,-159.28149537270426,68.60417868711303
164,-203.0,-232.44961147451693,-173.55038852548307,58.192783057695394
165,-202.46666666666667,-241.8322057288878,-163.10112760444554,77.78677408288777
166,-180.4,-205.49466855817076,-155.30533144182925,49.58736398183177
167,-159.53333333333333,-180.47090160700864,-138.59576505965802,41.37288430307411
168,-165.73333333333332,-180.69163268606476,-150.77503398060188,29.557777694241867
169,-163.33333333333334,-183.9262231238879,-142.7404435427788,40.69179551484822
170,-233.2,-314.85782266779125,-151.54217733220872,161.3568302448541
171,-200.73333333333332,-242.75987199078077,-158.70679467588587,83.04494097910012
172,-171.53333333333333,-196.5524118111966,-146.51425485547006,49.437997082765754
173,-198.4,-235.69282522356755,-161.10717477643246,73.69106684892908
174,-179.33333333333334,-209.3603324236582,-149.30633424300848,59.33370786398646
175,-164.2,-184.05720658882086,-144.34279341117912,39.238076745256855
176,-190.13333333333333,-225.28187326655154,-154.9847934001151,69.45393357390846
177,-196.26666666666668,-235.68144597558037,-156.851887357753,77.88407339686908
178,-176.6,-208.8478344602824,-144.3521655397176,63.72210500812624
179,-176.06666666666666,-190.28049353322842,-161.8528398001049,28.086691193912863
180,-198.0,-255.39822436277973,-140.60177563722027,113.4195750300626
181,-195.26666666666668,-226.38534780790997,-164.1479855254234,61.49088459998676
182,-185.86666666666667,-209.56519601375516,-162.1681373195782,46.828576270857894
183,-169.53333333333333,-201.66026068742082,-137.40640597924585,63.48319112612059
184,-179.06666666666666,-208.39105377920365,-149.74227955412968,57.945338226834274
185,-185.4,-208.89007281195848,-161.90992718804154,46.41666367444634
186,-190.26666666666668,-223.64296803244505,-156.8903653008883,65.95196905492831
187,-201.26666666666668,-250.30079072525052,-152.23254260808284,96.89201320141005
188,-166.13333333333333,-212.49804525826045,-119.76862140840619,91.61722302905471
189,-173.93333333333334,-199.13301346299048,-148.7336532036762,49.794868097916364
190,-159.66666666666666,-187.914652359521,-131.41868097381231,55.81835620016849
191,-154.46666666666667,-178.07135075674915,-130.86198257658418,46.64313692519214
192,-161.06666666666666,-190.01307415002447,-132.12025918330886,57.19844597733598
193,-172.0,-200.87289860366946,-143.12710139633054,57.05319155548326
194,-173.0,-195.937862498498,-150.062137501502,45.32548951748895
195,-193.46666666666667,-238.77913368664957,-148.15419964668376,89.53797456324824
196,-161.33333333333334,-173.96909952534796,-148.69756714131873,24.96842450420575
197,-144.33333333333334,-160.61449088613836,-128.05217578052833,32.1717612545882
198,-160.26666666666668,-188.1323660353117,-132.40096729802167,55.0629538699922
199,-167.13333333333333,-191.26168018220093,-143.00498648446572,47.67790077407166
200,-161.73333333333332,-192.9489773808891,-130.51768928577755,61.682484457817424
201,-178.73333333333332,-218.87223907567505,-138.5944275909916,79.314955854632
202,-152.66666666666666,-171.43693826043173,-133.89639507290158,37.09028024818482
203,-151.46666666666667,-166.34645823828538,-136.58687509504796,29.402645383630972
204,-145.33333333333334,-168.49096657771912,-122.17570008894756,45.75975912912518
205,-150.0,-172.09232924694803,-127.90767075305196,43.6547057410004
206,-148.2,-166.24070900799387,-130.1592909920061,35.64865588863999
207,-164.73333333333332,-197.14628799266896,-132.32037867399768,64.04838448825666
208,-173.53333333333333,-211.6901777156301,-135.37648895103655,75.39837899819567
209,-168.06666666666666,-207.36996050055026,-128.76337283278306,77.66377677026931
210,-148.93333333333334,-167.40820148722563,-130.45846517944105,36.50655953234828
211,-157.2,-188.2795549117279,-126.12044508827208,61.41357070441896
212,-169.06666666666666,-219.39707399412774,-118.73625933920559,99.45348438116964
213,-162.86666666666667,-182.85983380761576,-142.8734995257176,39.506736415733236
214,-151.93333333333334,-172.15626736525016,-131.71039930141652,39.96075852911481
215,-146.46666666666667,-166.57054476389328,-126.36278856944006,39.72550258405242
216,-147.66666666666666,-162.13904460739428,-133.19428872593903,28.597591196151857
217,-151.93333333333334,-175.2048184402508,-128.66184822641588,45.98473176561494
218,-177.0,-222.01386066041832,-131.98613933958168,88.94792483994966
219,-150.06666666666666,-163.93884786075006,-136.19448547258327,27.411595275641208
220,-174.73333333333332,-205.86243739249193,-143.6042292741747,61.511480409938294
221,-160.13333333333333,-174.29227911539138,-145.97438755127527,27.978245517226814
222,-190.73333333333332,-251.6134747221797,-129.85319194448695,120.29988454783413
223,-152.4,-175.6070768670057,-129.1929231329943,45.85746031636147
224,-230.26666666666668,-321.9245538945615,-138.60877943877188,181.11707692969085
225,-176.53333333333333,-208.4073591205081,-144.65930754615857,62.983454617506936
226,-205.06666666666666,-297.81947140636976,-112.3138619269636,183.28064697494816
227,-248.53333333333333,-404.17328094424045,-92.89338572242619,307.5463903579787
228,-206.8,-266.4519308671377,-147.1480691328623,117.87292592731662
229,-155.46666666666667,-176.8919096367225,-134.04142369661085,42.33653531197637
230,-206.2,-310.7826810187359,-101.61731898126408,206.656623411881
231,-221.73333333333332,-329.70535403609244,-113.76131263057422,213.3539989990553
232,-148.86666666666667,-162.3612715430745,-135.37206179025884,26.66549997447805
233,-165.86666666666667,-198.33614583118077,-133.39718750215258,64.16007758377131
234,-160.66666666666666,-189.70270916815346,-131.63062416517985,57.3755658408312
235,-175.4,-219.23581371740084,-131.56418628259917,86.62009004844084
236,-171.06666666666666,-206.38848747624135,-135.74484585709197,69.79633864959457
237,-181.66666666666666,-215.01031491959205,-148.32301841374127,65.88744611498882
238,-158.46666666666667,-180.9381930622667,-135.99514027106665,44.4040038234792
239,-186.46666666666667,-226.60914533526983,-146.3241879980635,79.3220159994829
240,-155.73333333333332,-185.06237798143547,-126.40428868523115,57.954541572588504
241,-167.46666666666667,-206.59991175307104,-128.3334215802623,77.32775841974357
242,-155.13333333333333,-183.2979061607019,-126.96876050596475,55.65353138441043
243,-155.13333333333333,-180.77788868991996,-129.4887779767467,50.67394684538485
244,-183.6,-246.0471297573662,-121.15287024263378,123.39627222894539
245,-179.0,-255.50865293111187,-102.49134706888813,151.18200951171406
246,-164.13333333333333,-209.49927452632443,-118.76739214034222,89.64364016606099
247,-175.06666666666666,-221.82652036348813,-128.3068129698452,92.39802787698207
248,-142.4,-164.49062893928857,-120.30937106071144,43.65134591281235
249,-154.8,-184.02157770780582,-125.5784222921942,57.742185618488676
250,-154.66666666666666,-178.09842211219953,-131.23491122113379,46.30142786375191
251,-151.66666666666666,-179.9188830149922,-123.41445031834112,55.8267160257723
252,-158.2,-197.9377936109526,-118.46220638904737,78.52235350522805
253,-132.4,-144.05470490784253,-120.74529509215748,23.029835720936727
254,-145.53333333333333,-164.66774050103152,-126.39892616563516,37.80981647961574
255,-135.13333333333333,-148.83760283404544,-121.42906383262121,27.079799769487874
256,-158.33333333333334,-192.2803556235191,-124.38631104314757,67.0797203996028
257,-148.73333333333332,-174.1717317362144,-123.29493493045223,50.266578249259105
258,-145.46666666666667,-162.85747879687347,-128.07585453645987,34.364451916996366
259,-143.46666666666667,-161.64471227403885,-125.28862105929447,35.92003464487317
260,-180.13333333333333,-253.99730958919113,-106.26935707747552,145.95609689979457
261,-148.93333333333334,-180.48573055117706,-117.38093611548962,62.34791273348469
262,-150.8,-172.24860596765103,-129.351394032349,42.38270087350892
263,-147.46666666666667,-190.2251713060082,-104.70816202732513,84.4913144780114
264,-147.86666666666667,-175.40161941753576,-120.3317139157976,54.40939461363471
265,-121.4,-135.42680953032442,-107.37319046967559,27.717142709882634
266,-142.8,-174.50771452151318,-111.09228547848683,62.65482157557123
267,-130.0,-145.43526789890967,-114.56473210109034,30.500273222819935
268,-140.0,-161.2822267840771,-118.7177732159229,42.05393362496942
269,-136.66666666666666,-167.7316418805154,-105.60169145281792,61.38476104774611
270,-135.33333333333334,-155.3374284400118,-115.3292382266549,39.528330206181096
271,-133.13333333333333,-151.850955163913,-114.41571150275365,36.98624368900175
272,-131.2,-151.53300972857244,-110.86699027142754,40.17826941685435
273,-144.53333333333333,-166.75578584058456,-122.3108808260821,43.91183085330067
274,-139.6,-156.10625688236635,-123.09374311763364,32.6165602110339
275,-137.86666666666667,-161.14944767403426,-114.58388565929909,46.00705259945359
276,-138.66666666666666,-158.47865214497227,-118.85468118836104,39.14871929223512
277,-139.93333333333334,-158.7860173265516,-121.08064934011507,37.25312813114565
278,-140.6,-156.48317697859383,-124.71682302140616,31.385346899468868
279,-132.6,-147.91065443989177,-117.28934556010822,30.25403554348852
280,-145.06666666666666,-160.75044102721498,-129.38289230611835,30.991324951060452
281,-141.93333333333334,-168.2648335474481,-115.60183311921857,52.03135806628751
282,-136.06666666666666,-154.0279553971353,-118.10537793619804,35.49172047424895
283,-130.13333333333333,-143.29875922817595,-116.96790743849071,26.015038385945584
284,-156.46666666666667,-176.71777995001025,-136.21555338332308,40.01644106558647
285,-134.33333333333334,-148.09454551077587,-120.57212115589081,27.192319176970216
286,-140.73333333333332,-158.0647451105831,-123.40192155608354,34.247076112016074
287,-157.8,-171.82486183572271,-143.7751381642773,27.71329404215
288,-158.8,-209.82368533403547,-107.77631466596455,100.82340998002398
289,-150.33333333333334,-178.5988419049974,-122.06782476166927,55.852981617417306
290,-258.1333333333333,-482.10933055102464,-34.15733611564204,442.57923835424344
291,-151.26666666666668,-179.9214029044906,-122.61193042884275,56.62210012196847
292,-146.2,-164.15247779122546,-128.2475222087745,35.474309953354506
293,-172.53333333333333,-224.36333907318053,-120.70332759348614,102.41670870625663
294,-154.53333333333333,-212.75933444293054,-96.30733222373613,115.0552717416962
295,-175.46666666666667,-235.96205011489474,-114.9712832184386,119.53959827419345
296,-162.53333333333333,-212.73310177783398,-112.33356488883268,99.19534039235693
297,-144.8,-174.7310532643125,-114.86894673568753,59.14411776894357
298,-157.93333333333334,-192.26733544289317,-123.5993312237735,67.84439713213038
299,-146.0,-165.16484039994998,-126.83515960005,37.86995290904563
300,-139.53333333333333,-150.38868506484414,-128.67798160182252,21.450304323145524
301,-142.06666666666666,-157.51461325345122,-126.61872007988212,30.52532646108073
302,-130.73333333333332,-145.07987482803716,-116.38679183862948,28.34893687992942
303,-139.33333333333334,-155.93434349447625,-122.73232317219043,32.80379381853399
304,-136.93333333333334,-165.201741195848,-108.66492547081867,55.85871065067251
305,-139.0,-154.79067606743507,-123.20932393256493,31.20256399721023
306,-131.4,-151.97309217400243,-110.82690782599758,40.65267518872528
307,-131.26666666666668,-152.31289860107805,-110.22043473225531,41.58760499101732
308,-145.2,-192.03126874879882,-98.36873125120115,92.53914487033762
309,-126.4,-148.45117596864168,-104.34882403135833,43.57338637287673
310,-128.4,-150.10152659863152,-106.69847340136849,42.88247505294752
311,-119.93333333333334,-133.25552466014395,-106.61114200652271,26.3248087467992
312,-130.33333333333334,-153.37714495220243,-107.28952171446426,45.53484624133721
313,-118.13333333333334,-133.01771398679142,-103.24895267987526,29.41171346400765
314,-131.6,-153.8308511318043,-109.3691488681957,43.928426635456304
315,-121.33333333333333,-134.90338803449768,-107.76327863216898,26.814589726904686
316,-130.13333333333333,-146.36428642006558,-113.90238024660106,32.0725566316265
317,-126.4,-141.1841696959958,-111.61583030400422,29.213695418416343
318,-135.0,-152.65209461917888,-117.3479053808211,34.88074922742725
319,-126.6,-140.11474917101887,-113.08525082898112,26.70530534057481
320,-139.53333333333333,-155.22624949506883,-123.84041717159784,31.00938925909735
321,-145.73333333333332,-163.5102119861519,-127.95645468051474,35.12732396424312
322,-124.06666666666666,-138.17075992490334,-109.96257340842999,27.869856276789246
323,-127.4,-141.56368805706262,-113.2363119429374,27.987616309122625
324,-122.13333333333334,-135.9009957304682,-108.36567093619847,27.205064887912975
325,-130.86666666666667,-146.87625751067617,-114.85707582265718,31.635142203287504
326,-136.26666666666668,-155.5686294331067,-116.96470390022665,38.140908338539724
327,-135.4,-154.82833625403885,-115.97166374596117,38.39062385531134
328,-127.8,-141.873473335795,-113.72652666420498,27.80935094532053
329,-128.13333333333333,-143.40050927437804,-112.8661573922886,30.16812151187998
330,-132.73333333333332,-148.2826300653164,-117.18403660135026,30.725595555208074
331,-130.86666666666667,-145.98211377268424,-115.7512195606491,29.868303526574046
332,-137.4,-158.33996015702462,-116.4600398429754,41.37761069306282
333,-135.66666666666666,-151.62691045947653,-119.7064228738568,31.53763184232802
334,-148.06666666666666,-167.3048355669814,-128.82849776635192,38.01485089920634
335,-130.13333333333333,-143.16187683056506,-117.1047898361016,25.744557137815015
336,-133.4,-149.6003482212232,-117.19965177877683,32.01208105283587
337,-159.13333333333333,-177.1453119122104,-141.12135475445626,35.591884218487536
338,-139.2,-152.83724374889098,-125.562756251109,26.947356085523495
339,-132.86666666666667,-150.9127378270585,-114.82059550627484,35.65925156564874
340,-137.6,-152.5678082059094,-122.63219179409059,29.576567301384607
341,-131.93333333333334,-146.03742659157,-117.82924007509666,27.869856276789243
342,-137.33333333333334,-152.67837033532822,-121.98829633133845,30.321975895746338
343,-151.73333333333332,-165.41965050590198,-138.04701616076466,27.04432575524033
344,-161.33333333333334,-179.37543034539357,-143.29123632127312,35.65139860120809
345,-146.8,-160.6792359443883,-132.92076405561173,27.425535546275118
346,-132.8,-146.15768719834722,-119.4423128016528,26.39494901175854
347,-137.46666666666667,-150.5488299219176,-124.38450341141576,25.850510418343557
348,-140.66666666666666,-153.46755478400416,-127.86577854932915,25.2947073954656
349,-130.26666666666668,-145.44478727837958,-115.0885460549538,29.992147120352836
350,-139.2,-155.44287055090118,-122.9571294490988,32.09610568277715
351,-141.53333333333333,-156.23071008692568,-126.83595657974098,29.04219153040777
352,-144.46666666666667,-163.6687694650969,-125.26456386823645,37.943583852287276
353,-139.26666666666668,-152.54521195066746,-125.98812138266591,26.23856364632451
354,-141.8,-154.88912203829324,-128.71087796170679,25.86426105652354
355,-130.53333333333333,-144.06079418948866,-117.005872477178,26.73042378181752
356,-130.6,-146.24053255131963,-114.95946744868037,30.9058786209571
357,-128.93333333333334,-144.88694317817664,-112.97972348849002,31.524523082126965
358,-137.26666666666668,-152.45715607335845,-122.07617725997491,30.0165880065599
359,-123.66666666666667,-138.32192995075425,-109.01140338257908,28.958974813038914
360,-135.6,-151.30045776544253,-119.89954223455747,31.024291557852965
361,-134.93333333333334,-152.68041310480038,-117.1862535618663,35.068441019748164
362,-120.33333333333333,-134.26838862299493,-106.39827804367172,27.535835237417842
363,-128.33333333333334,-142.54740043967922,-114.11926622698746,28.087165910587863
364,-137.0,-150.11362229812107,-123.88637770187894,25.912673861774024
365,-127.33333333333333,-140.9398267722655,-113.72683989440118,26.88659310676771
366,-140.93333333333334,-161.80687153027685,-120.05979513638984,41.246360108768656
367,-126.8,-142.0249938135364,-111.57500618646358,30.084769125478317
368,-130.33333333333334,-146.06515141479323,-114.60151525187345,31.08625991584635
369,-130.0,-148.20632642181772,-111.79367357818228,35.97591787107963
370,-145.2,-157.69107724915847,-132.7089227508415,24.682517429684246
371,-134.46666666666667,-147.15663589407586,-121.77669743925746,25.075530347775743
372,-135.46666666666667,-150.14660774637485,-120.7867255869585,29.00773843113056
373,-138.66666666666666,-151.74073568103984,-125.59259765229349,25.83451610195597
374,-138.46666666666667,-150.83503340934865,-126.0982999239847,24.440040007241304
375,-143.86666666666667,-157.3587408459491,-130.37459248738426,26.660499286814233
376,-136.66666666666666,-147.62969603983888,-125.70363729349444,21.663076625652437
377,-144.13333333333333,-155.83492060901392,-132.43174605765273,23.122475838216133
378,-148.66666666666666,-161.45954950280876,-135.87378383052456,25.278888864469938
379,-144.4,-158.29718477646142,-130.5028152235386,27.461002652246087
380,-135.2,-148.26562129151665,-122.13437870848334,25.81782330096788
381,-136.8,-150.23161812705794,-123.36838187294208,26.54103740750664
382,-138.26666666666668,-150.72800169294044,-125.80533164039292,24.623746442994598
383,-152.86666666666667,-169.9324203366903,-135.80091299664304,33.72213252779578
384,-132.0,-142.32514738124567,-121.67485261875433,20.402614211582463
385,-138.8,-150.57624951426482,-127.0237504857352,23.270009310985103
386,-140.06666666666666,-155.4514852577805,-124.68184807555284,30.400584789696985
387,-131.26666666666668,-144.56705287548422,-117.96628045784915,26.281721573916894
388,-139.13333333333333,-155.0412867282492,-123.22537993841748,31.434305393241246
389,-140.2,-153.00693323338746,-127.39306676661252,25.306652616785705
390,-143.4,-158.91888784102207,-127.88111215897796,30.665507224458775
391,-139.46666666666667,-155.2463821933707,-123.68695113996266,31.18090583817104
392,-132.4,-146.3768142229273,-118.42318577707273,27.618351386955258
393,-131.93333333333334,-143.84117050859706,-120.02549615806961,23.530028096503038
394,-136.0,-149.16559880901738,-122.83440119098262,26.015380066414558
395,-124.53333333333333,-136.8380360248219,-112.22863064184477,24.314239083759585
396,-139.8,-153.34806040074454,-126.25193959925548,26.771128727293764
397,-158.66666666666666,-196.8332644967841,-120.50006883654922,75.41765192726582
398,-141.26666666666668,-153.6123734496083,-128.92095988372506,24.395263656884072
399,-133.73333333333332,-144.49326590093148,-122.97340076573518,21.261754918684915
400,-138.33333333333334,-153.6337992860542,-123.03286738061249,30.23390297148036
401,-136.13333333333333,-149.57977351872287,-122.68689314794376,26.57032597132038
402,-134.4,-146.3169146193318,-122.48308538066819,23.547965234106037
403,-134.06666666666666,-146.32632928543092,-121.8070040479024,24.22523936356919
404,-129.8,-142.90085660303683,-116.6991433969632,25.887448696231154
405,-132.8,-150.91343543585504,-114.68656456414497,35.79236417636216
406,-132.13333333333333,-145.7801723443495,-118.48649432231717,26.96631643777515
407,-128.93333333333334,-142.81043682446952,-115.05622984219717,27.42132179324857
408,-130.73333333333332,-143.14386962639824,-118.3227970402684,24.523367541093442
409,-132.66666666666666,-146.58578473153355,-118.74754860179976,27.50434309138993
410,-131.6,-147.31458851725574,-115.88541148274423,31.052214091751974
411,-135.06666666666666,-148.4349161312805,-121.69841720205282,26.415820175712046
412,-132.26666666666668,-147.3511321259593,-117.18220120737405,29.807083423612955
413,-131.8,-147.09213163543774,-116.50786836456228,30.21743426125609
414,-137.73333333333332,-153.76381339730773,-121.7028532693589,31.676419550756606
415,-137.46666666666667,-151.01682730094754,-123.9165060323858,26.775278813778126
416,-130.46666666666667,-146.15849479801273,-114.77483853532061,31.00723929808794
417,-128.93333333333334,-148.60156774466927,-109.2650989219974,38.8646654716366
418,-118.13333333333334,-131.1487653316845,-105.11790133498216,25.718648659851645
419,-143.0,-160.25888545390782,-125.74111454609218,34.10376323320737
420,-141.33333333333334,-154.66731020669184,-127.99935645997485,26.348097127159342
421,-155.0,-169.9862761514957,-140.0137238485043,29.61306018184094
422,-143.8,-156.7157902739244,-130.88420972607562,25.521755425518833
423,-144.8,-158.56683561478252,-131.0331643852175,27.20343115613666
424,-135.26666666666668,-147.1702015839056,-123.36313174942777,23.521526783400397
425,-130.0,-146.23214522688443,-113.76785477311557,32.074912314767126
426,-128.0,-140.77462985765146,-115.22537014234855,25.242820761555155
427,-132.46666666666667,-147.97462206930987,-116.95871126402346,30.643904596002265
428,-128.4,-143.3985754819879,-113.40142451801209,29.637363805394926
429,-137.66666666666666,-156.7051781553231,-118.62815517801022,37.62032547558419
430,-135.46666666666667,-149.6388707567287,-121.29446257660466,28.004444091766736
431,-132.8,-145.5441203593396,-120.05587964066044,25.182533629482162
432,-132.86666666666667,-149.13124658382043,-116.60208674951292,32.139003649079655
433,-128.2,-146.3971337230162,-110.0028662769838,35.95775298875056
434,-128.4,-141.30335814343607,-115.49664185656394,25.497189387590677
435,-128.6,-144.9106338265017,-112.28936617349828,32.23000672251455
436,-123.66666666666667,-137.4092554787959,-109.92407785453744,27.155519185282063
437,-122.6,-136.91596308088748,-108.28403691911251,28.28851356999869
438,-125.2,-141.9224747557159,-108.47752524428411,33.04380930421511
439,-122.46666666666667,-137.9006808738698,-107.03265245946353,30.497795913074697
440,-185.73333333333332,-290.7695797902024,-80.69708687646424,207.5528741201999
441,-147.73333333333332,-168.15370885423926,-127.31295781242737,40.35090526314813
442,-158.8,-225.6725396370671,-91.92746036293292,132.1409348637532
443,-134.2,-147.4331211133277,-120.96687888667226,26.14880494401226
444,-135.86666666666667,-148.19770522315014,-123.53562811018323,24.366279066684665
445,-127.4,-140.52637557828598,-114.27362442171405,25.937874495288415
446,-131.8,-147.02499381353644,-116.5750061864636,30.084769125478317
447,-165.26666666666668,-216.61965302982588,-113.91368030350748,101.4741127359858
448,-126.33333333333333,-142.91787967869598,-109.74878698797069,32.77126112244623
449,-124.0,-137.9990292996812,-110.00097070031877,27.66224864323217
450,-130.2,-145.78410230402193,-114.61589769597803,30.794371780137574
451,-124.4,-139.0472612472245,-109.75273875277551,28.943162692882524
452,-135.13333333333333,-164.06522708963496,-106.20143957703169,57.16976667979521
453,-136.8,-158.2613387011259,-115.33866129887411,42.40786090651905
454,-133.93333333333334,-152.17944126453438,-115.68722540213231,36.05452660747176
455,-121.8,-135.67431440388236,-107.92568559611763,27.415810523613317
456,-135.93333333333334,-150.79888974827878,-121.06777691838789,29.374516544484987
457,-137.86666666666667,-152.29674777421317,-123.43658555912018,28.514012149974423
458,-125.6,-138.77830178909423,-112.42169821090576,26.040481306355815
459,-124.4,-138.45842174799307,-110.34157825200694,27.779608828539445
460,-128.46666666666667,-143.1384640076476,-113.79486932568575,28.991646306402735
461,-128.26666666666668,-149.75127613415225,-106.78205719918111,42.45384421803153
462,-137.2,-169.63387775082646,-104.76612224917353,64.08972876626436
463,-131.86666666666667,-148.98137316570276,-114.75196016763059,33.818863901017664
464,-131.93333333333334,-144.83095631731908,-119.03571034934761,25.48585664420344
465,-136.93333333333334,-150.58842721288096,-123.2782394537857,26.982628156319805
466,-140.6,-150.61421695169201,-130.58578304830797,19.78821197918936
467,-118.06666666666666,-129.59420214449506,-106.53913118883825,22.77854741247172
468,-127.4,-141.13529813776657,-113.66470186223346,27.141112725899802
469,-140.4,-159.20492637109282,-121.59507362890719,37.158758500968965
470,-124.06666666666666,-137.33878130908448,-110.79455202424884,26.225856621959093
471,-121.26666666666667,-133.2545292494503,-109.27880408388305,23.688159254971435
472,-126.86666666666666,-140.30294491679288,-113.43038841654044,26.55024586619784
473,-126.8,-140.24940263687904,-113.35059736312095,26.57617981075033
474,-126.66666666666667,-141.71396072142517,-111.61937261190818,29.733632285492614
475,-127.93333333333334,-139.94680515890082,-115.91986150776586,23.738763423752488
476,-140.8,-160.65548685880054,-120.9445131411995,39.23467853825236
477,-123.2,-137.94415708603844,-108.45584291396156,29.134630024537238
478,-134.6,-149.92180194798684,-119.27819805201315,30.276063152266016
479,-126.73333333333333,-141.25023730281868,-112.216429363848,28.685575159341358
480,-122.06666666666666,-135.11040299119054,-109.02293034214279,25.774578345511085
481,-132.0,-145.497303763674,-118.50269623632597,26.670833007863354
482,-136.46666666666667,-150.27024616593397,-122.66308716739937,27.276037509547134
483,-126.2,-138.48989290975854,-113.91010709024145,24.284974778656863
484,-117.8,-131.05761283020271,-104.54238716979728,26.197200868286163
485,-115.66666666666667,-127.89732725268452,-103.43600608064882,24.16793100140947
486,-126.86666666666666,-141.58145843448895,-112.15187489884438,29.076603805962087
487,-123.8,-139.04740593456256,-108.55259406543745,30.129055743584136
488,-126.8,-142.7693698811193,-110.8306301188807,31.555665101531297
489,-122.13333333333334,-135.73254683564593,-108.53411983102073,26.872207865293756
490,-136.26666666666668,-159.6968190058436,-112.83651432748978,46.2982601064974
491,-122.6,-139.4502253674345,-105.74977463256549,33.296246034650814
492,-114.4,-127.85143365510821,-100.9485663448918,26.58019312696329
493,-120.06666666666666,-135.3289211518458,-104.80441218148754,30.15839665646848
494,-118.26666666666667,-132.37439112186155,-104.15894221147178,27.87703156523106
495,-116.4,-127.40675690655517,-105.39324309344484,21.74948275247023
496,-123.86666666666666,-138.89034095809134,-108.84299237524198,29.68695935180219
497,-118.26666666666667,-131.41210567177552,-105.12122766155782,25.9755440537612
498,-118.4,-132.84419381389398,-103.95580618610602,28.541899025818164
499,-125.2,-138.69376136343507,-111.70623863656492,26.663833182796502
500,-125.26666666666667,-138.78225804080168,-111.75107529253167,26.70696954396403
501,-126.13333333333334,-140.99130740987752,-111.27535925678914,29.35953375348836
502,-119.93333333333334,-132.30252831177938,-107.56413835488729,24.441676610976497
503,-127.8,-141.7552978773097,-113.84470212269031,27.57583483172661
504,-132.86666666666667,-147.14210216083455,-118.5912311724988,28.20843057590329
505,-126.33333333333333,-141.61146500115382,-111.05520166551284,30.18977015848617
506,-127.13333333333334,-139.89842565981903,-114.36824100684765,25.22397448636691
507,-124.6,-136.26202745094807,-112.9379725490519,23.044305153334523
508,-124.13333333333334,-137.71621556278888,-110.55045110387779,26.83993707560102
509,-134.4,-152.4847576041262,-116.31524239587382,35.73569643927483
510,-128.26666666666668,-141.1245145414228,-115.40881879191056,25.407260554591257
511,-122.53333333333333,-135.24481160619686,-109.8218550604698,25.118032477794824
512,-124.0,-139.33427753614612,-108.66572246385388,30.300715063069607
513,-120.06666666666666,-129.96714241131502,-110.1661909220183,19.563457999262017
514,-123.93333333333334,-135.6065797623518,-112.26008690431486,23.06647398763457
515,-125.13333333333334,-137.9144660206334,-112.35220064603327,25.255670430398176
516,-126.6,-138.49109742809486,-114.70890257190513,23.496950156704735
517,-134.2,-149.64986222736124,-118.75013777263872,30.52911178967817
518,-130.0,-142.05678829539607,-117.94321170460393,23.82435728409058
519,-121.53333333333333,-133.30619938169184,-109.76046728497482,23.263323542052674
520,-129.13333333333333,-141.48650591248764,-116.780160754179,24.410016159127977
521,-132.46666666666667,-146.42278016152912,-118.51055317180423,27.577446501725927
522,-122.06666666666666,-133.04805793519876,-111.08527539813458,21.6993599495981
523,-129.13333333333333,-143.442218338941,-114.82444832772566,28.274527208936473
524,-126.46666666666667,-138.32190962745238,-114.61142370588095,23.42610130222744
525,-128.33333333333334,-141.46993728029236,-115.19672938637433,25.958085873619847
526,-125.06666666666666,-137.3749765413152,-112.75835679201813,24.321366920650018
527,-120.2,-130.60290503016665,-109.79709496983335,20.556264252047356
528,-117.93333333333334,-129.50816793130363,-106.35849873536303,22.872011037267555
529,-124.2,-138.19561389070796,-110.20438610929205,27.655499754418948
530,-130.26666666666668,-141.97788003834756,-118.5554532949858,23.141497118572275
531,-130.13333333333333,-144.00108296625797,-116.26558370040868,27.40283845800569
532,-113.0,-123.08252314100439,-102.91747685899561,19.9231858228882
533,-122.66666666666667,-135.7394296889599,-109.59390364437344,25.831935446049897
534,-127.0,-140.48211549506317,-113.51788450493683,26.640820808175814
535,-138.53333333333333,-157.14667654886716,-119.9199901177995,36.78018790357415
536,-122.2,-132.23873826511857,-112.16126173488145,19.83666638660169
537,-120.93333333333334,-132.29377117570414,-109.57289549096254,22.44836049445235
538,-123.13333333333334,-135.1856836570638,-111.08098300960287,23.81558779921718
539,-119.86666666666666,-132.55663589407587,-107.17669743925745,25.075530347775743
540,-121.2,-133.36421751422316,-109.03578248577685,24.036638700117784
541,-119.2,-132.60107548586222,-105.79892451413777,26.480684784700465
542,-126.8,-141.84562977375452,-111.75437022624547,29.730343646404986
543,-111.0,-120.20064075063374,-101.79935924936626,18.18057571512336
544,-119.4,-129.86932776362562,-108.93067223637439,20.68751636454539
545,-123.53333333333333,-138.18533417862304,-108.88133248804363,28.952528195114304
546,-117.93333333333334,-129.8239521366558,-106.04271453001087,23.496004388453418
547,-118.6,-131.94310777725923,-105.25689222274077,26.366139902028387
548,-122.86666666666666,-135.77275914241596,-109.96057419091737,25.502592460811158
549,-118.6,-129.89008394024498,-107.30991605975501,22.30934034584319
550,-126.4,-142.6529585081199,-110.14704149188012,32.11603960640228
551,-120.46666666666667,-133.74572626746226,-107.18760706587108,26.239579942437256
552,-114.33333333333333,-124.26686508377522,-104.39980158289144,19.62877706045104
553,-133.73333333333332,-148.71900184892712,-118.74766481773952,29.61185948606102
554,-125.46666666666667,-137.58259784532257,-113.35073548801078,23.941224325882377
555,-130.6,-141.71020179034667,-119.48979820965333,21.9538910750084
556,-112.86666666666666,-123.35239868124158,-102.38093465209174,20.719931359817668
557,-111.66666666666667,-122.31526514165301,-101.01806819168033,21.04175742554684
558,-124.73333333333333,-139.8313752215803,-109.6352914450864,29.833910608939995
559,-122.66666666666667,-134.73289202385152,-110.60044130948184,23.843005030593122
560,-119.06666666666666,-130.00755866632318,-108.12577466701013,21.61933291189984
561,-123.46666666666667,-136.17142727455314,-110.7619060587802,25.10475829178383
562,-119.8,-131.40243480960402,-108.19756519039598,22.926549384211018
563,-129.0,-141.5276560191176,-116.4723439808824,24.75479751482528
564,-129.86666666666667,-141.26671243135715,-118.46662090197621,22.526626220739068
565,-125.26666666666667,-137.73211143625687,-112.80122189707646,24.631867344740407
566,-115.2,-125.06200120327175,-105.33799879672826,19.487431847218865
567,-126.8,-137.71078403130488,-115.88921596869511,21.559839207811052
568,-124.33333333333333,-137.60313218190225,-111.06353448476439,26.221280585729513
569,-117.06666666666666,-125.41393860780164,-108.71939472553169,16.49430878279603
570,-125.53333333333333,-137.70269631736159,-113.36397034930508,24.04680620974205
571,-119.2,-129.27608615374928,-109.12391384625073,19.910466259399016
572,-126.33333333333333,-140.54860157769858,-112.11806508896807,28.089539373621317
573,-125.4,-138.00753907786924,-112.79246092213077,24.91264739043203
574,-118.86666666666666,-130.41698902355992,-107.3163443097734,22.82357455692591
575,-118.0,-127.8893174239232,-108.1106825760768,19.54140902459868
576,-121.33333333333333,-135.37579575325154,-107.29087091341513,27.748073006166674
577,-140.13333333333333,-156.1833989439065,-124.08326772276016,31.715120824125655
578,-120.13333333333334,-128.99146686468515,-111.27519980198153,17.503777370105638
579,-121.06666666666666,-133.1961186270505,-108.93721470628283,23.967941551627295
580,-121.2,-132.43155820593623,-109.96844179406378,22.193692797729717
581,-121.93333333333334,-132.16957463423918,-111.6970920324275,20.226934737841248
582,-121.26666666666667,-133.10980587012926,-109.42352746320408,23.402184133585095
583,-125.26666666666667,-141.65006442758892,-108.8832689057444,32.3737891236448
584,-119.93333333333334,-133.0032227136921,-106.86344395297458,25.826257095358507
585,-120.6,-130.0330111982689,-111.16698880173108,18.639742487491613
586,-124.2,-137.24993061539664,-111.15006938460336,25.786818338057913
587,-122.13333333333334,-133.58716917278193,-110.67949749388475,22.632916049172472
588,-120.26666666666667,-135.17236799100462,-105.36096534232871,29.45384336362385
589,-134.66666666666666,-146.84135993377396,-122.49197339955934,24.057338912597036
590,-121.53333333333333,-133.47610464271324,-109.59056202395341,23.59905836162866
591,-119.6,-129.69234010084435,-109.50765989915564,19.942584252465043
592,-118.93333333333334,-131.25273560839582,-106.61393105827085,24.343285635993258
593,-126.8,-142.80781329226448,-110.7921867077355,31.63162973986639
594,-125.4,-135.93597995442286,-114.86402004557716,20.819221887476967
595,-125.66666666666667,-137.89313859047624,-113.4401947428571,24.159654154993376
596,-121.4,-134.0291885126832,-108.77081148731682,24.95542693149795
597,-121.06666666666666,-136.18166194263657,-105.95167139069676,29.867410705017974
598,-121.93333333333334,-133.95390915487707,-109.91275751178962,23.752801004419577
599,-126.46666666666667,-141.02397331214098,-111.90936002119237,28.765411328345174
