episode,mean,ci_lower,ci_upper,std_returns
0,-2000.0,-2000.0,-2000.0,0.0
1,-2000.0,-2000.0,-2000.0,0.0
2,-2000.0,-2000.0,-2000.0,0.0
3,-2000.0,-2000.0,-2000.0,0.0
4,-1962.6666666666667,-2033.3588227405223,-1891.9745105928112,139.68854243956042
5,-2000.0,-2000.0,-2000.0,0.0
6,-1987.8666666666666,-2010.8416173906696,-1964.8917159426635,45.39877629285715
7,-1863.7333333333333,-2015.5582690322176,-1711.908397634449,300.0078813779546
8,-1925.2666666666667,-2037.8498532521783,-1812.683480081155,222.46571770849442
9,-1788.8666666666666,-1970.0164664871263,-1607.7168668462068,357.9541621803304
10,-1699.0666666666666,-1905.3740207392125,-1492.7593125941207,407.66578904239145
11,-1657.8,-1899.149164716829,-1416.4508352831708,476.90882427007637
12,-1707.3333333333333,-1949.8256490927618,-1464.8410175739048,479.1677043467025
13,-1586.4,-1848.5238340170963,-1324.2761659829039,517.9598182613526
14,-1670.6666666666667,-1887.502924583232,-1453.8304087501015,428.47102845142547
15,-1470.7333333333333,-1766.0473696622205,-1175.4192970044462,583.5440533689142
16,-1658.4666666666667,-1926.3032379407955,-1390.630095392538,529.2482551275493
17,-1466.8666666666666,-1755.2431668124411,-1178.490166520892,569.8353992357987
18,-1319.7333333333333,-1608.541516891543,-1030.9251497751236,570.6884108006944
19,-1410.2,-1725.0756087589016,-1095.3243912410985,622.1979534949736
20,-1443.5333333333333,-1754.0546798514704,-1133.0119868151962,613.5938794421672
21,-1255.2666666666667,-1551.6735938123902,-958.859739520943,585.7036186407669
22,-1254.4666666666667,-1581.6515052584418,-927.2818280748916,646.521138264034
23,-1202.0,-1500.9316367956617,-903.0683632043384,590.6924749816947
24,-1223.6666666666667,-1554.6616942045662,-892.6716391287673,654.0501170059948
25,-1137.6666666666667,-1494.6001526418136,-780.7331806915199,705.304819839542
26,-1195.3333333333333,-1535.960340145009,-854.7063265216574,673.0830227806638
27,-983.4666666666667,-1306.9927877620005,-659.9405455713329,639.2914689108734
28,-1182.1333333333334,-1529.6642154192814,-834.6024512473855,686.7251625569642
29,-1059.6666666666667,-1402.345756841803,-716.9875764915304,677.1379639499046
30,-1116.2666666666667,-1487.4842720243946,-745.0490613089387,733.5304098823866
31,-1110.4666666666667,-1484.2798556496923,-736.6534776836411,738.6593140428288
32,-1064.6666666666667,-1403.3415426126646,-725.9917907206689,669.2255889376084
33,-1026.5333333333333,-1354.7023410620632,-698.3643256046033,648.4658682014206
34,-999.7333333333333,-1345.4231792980095,-654.0434873686572,683.0872532521416
35,-1004.7333333333333,-1363.9817217091713,-645.4849449574953,709.8790945568751
36,-987.9333333333333,-1348.2135111893601,-627.6531554773064,711.9179228597135
37,-932.2,-1266.5986042118664,-597.8013957881337,660.7756250548794
38,-885.4,-1228.634935363585,-542.1650646364149,678.2363206631348
39,-915.1333333333333,-1247.9236524204482,-582.3430142462184,657.5976344915551
40,-883.8,-1206.4172013478374,-561.1827986521624,637.4954326633774
41,-640.2666666666667,-888.1438107297272,-392.38952260360617,489.80818921514793
42,-776.1333333333333,-1045.4474369337643,-506.81922973290233,532.1678766036981
43,-801.7333333333333,-1086.947118568926,-516.5195480977407,563.5858369011376
44,-505.0,-611.6869128118971,-398.31308718810294,210.81461049936743
45,-702.1333333333333,-982.9731707573105,-421.2934959093561,554.9428639258481
46,-537.5333333333333,-750.2790415576862,-324.7876251089804,420.388053535725
47,-570.4666666666667,-792.1134537649519,-348.81987956838145,437.97669141430606
48,-566.9333333333333,-792.3341640435577,-341.5325026231088,445.3947263071513
49,-662.6,-925.0517855620553,-400.14821443794466,518.607854420531
50,-549.1333333333333,-763.1605363185129,-335.1061303481538,422.9203024474259
51,-461.06666666666666,-625.2004850885511,-296.93284824478224,324.3303802537708
52,-515.0,-686.1777220811425,-343.8222779188574,338.24921778672797
53,-471.46666666666664,-640.8735551265497,-302.05977820678356,334.750029458135
54,-561.4666666666667,-794.7437310855278,-328.1896022478056,460.9582579318387
55,-399.26666666666665,-513.1098778319127,-285.42345550142056,224.95554128661857
56,-349.93333333333334,-415.7925653527898,-284.0741013138769,130.13862694151274
57,-393.26666666666665,-446.00761390854285,-340.52571942479045,104.21673996479112
58,-323.2,-353.2500380802125,-293.1499619197875,59.37923318242947
59,-377.4,-433.41739587584476,-321.3826041241552,110.69104149237492
60,-307.53333333333336,-337.44593678430056,-277.62072988236616,59.107660718011466
61,-427.0,-556.419644162357,-297.58035583764297,255.7347584249483
62,-369.93333333333334,-448.3051187749303,-291.5615478917364,154.86358154481928
63,-342.06666666666666,-406.24288312289787,-277.89045021043546,126.81296814162536
64,-290.46666666666664,-335.8920333036428,-245.04130002969052,89.76106555121152
65,-375.4,-436.33125514180347,-314.4687448581965,120.4008859325102
66,-286.6,-324.11603614219155,-249.0839638578085,74.13213428286907
67,-335.46666666666664,-389.3130244047649,-281.62030892856836,106.40104427223551
68,-342.6,-414.6903051259707,-270.5096948740293,142.45130162035494
69,-318.8,-366.109706809491,-271.490293190509,93.48454417709912
70,-289.6,-330.0859232908317,-249.1140767091683,80.00066666388891
71,-317.73333333333335,-370.7368188662399,-264.7298478004268,104.73551875504742
72,-292.4,-336.518841012278,-248.28115898772194,87.17935535434981
73,-335.0,-408.40234163991107,-261.59765836008893,145.04390140000143
74,-305.8,-357.7183245338291,-253.88167546617092,102.5912276951592
75,-380.6666666666667,-523.3209988769797,-238.0123344563536,281.88665965045044
76,-306.1333333333333,-361.4770659293487,-250.7896007373179,109.35987482720628
77,-344.8666666666667,-430.1079891334227,-259.62534419991067,168.43786853185824
78,-514.1333333333333,-743.7989387607154,-284.4677279059513,453.82197194739507
79,-375.26666666666665,-485.41943650712926,-265.11389682620404,217.66318527078073
80,-441.06666666666666,-656.8747196015048,-225.2586137318285,426.43928316024335
81,-388.1333333333333,-500.68199799935104,-275.5846686673156,222.39750198437233
82,-376.46666666666664,-503.857066213769,-249.0762671195643,251.72494689420213
83,-382.06666666666666,-455.86788170915867,-308.26545162417466,145.83207999461422
84,-449.6666666666667,-668.7331166455951,-230.60021668773823,432.8779145312092
85,-411.53333333333336,-568.7614299738982,-254.30523669276846,310.6845917575501
86,-461.4,-625.8588128939549,-296.94118710604505,324.9725732016986
87,-437.3333333333333,-608.8128775948811,-265.8537890717855,338.84562201031247
88,-485.1333333333333,-786.7305048819135,-183.53616178475312,595.9596034035268
89,-495.1333333333333,-737.6924726418815,-252.57419402478513,479.29974847572043
90,-465.53333333333336,-702.9922288637981,-228.07443780286866,469.2216060195391
91,-499.46666666666664,-799.9487439962902,-198.98458933704302,593.756163944613
92,-443.2,-627.2748968030857,-259.1251031969143,363.73418865979585
93,-472.46666666666664,-689.6127200569887,-255.32061327634463,429.0831879976448
94,-298.8666666666667,-368.6091028721899,-229.12423046114344,137.81188466730856
95,-310.6666666666667,-393.4069763734255,-227.92635695990788,163.4958375277147
96,-274.4,-338.75881844644306,-210.0411815535569,127.17379184931671
97,-347.6666666666667,-420.97722688015034,-274.35610645318303,144.86254020814198
98,-315.46666666666664,-373.78671956914735,-257.14661376418593,115.24111920471597
99,-326.6,-396.8140467162139,-256.38595328378614,138.74379265394182
100,-275.1333333333333,-324.1933567773343,-226.07330988933234,96.94319069549043
101,-256.06666666666666,-299.5916006135606,-212.5417327197727,86.00578791892762
102,-359.26666666666665,-480.86903836673457,-237.66429496659873,240.2877349253506
103,-294.06666666666666,-404.26329302949205,-183.87004030384125,217.7498462813592
104,-288.4,-341.7548337728957,-235.04516622710426,105.4297870622909
105,-283.0,-331.4242980331156,-234.57570196688442,95.68698971124549
106,-339.53333333333336,-471.94153163562606,-207.12513503104066,261.6401770031167
107,-305.1333333333333,-422.80167633883013,-187.46499032783652,232.51404736536287
108,-250.8,-299.26877408714927,-202.33122591285075,95.77487492378502
109,-302.8666666666667,-427.86172886199824,-177.87160447133508,246.99173175544877
110,-366.46666666666664,-527.2286090891101,-205.70472424422317,317.66751311534654
111,-392.26666666666665,-620.6299455817743,-163.903387751559,451.24855924669964
112,-381.8,-626.9285213836475,-136.67147861635252,484.37687806087524
113,-390.73333333333335,-621.5441898919096,-159.92247677475706,456.0850018240995
114,-325.8,-554.0696329153068,-97.5303670846933,451.0635136356446
115,-344.46666666666664,-573.7601868345785,-115.17314649875482,453.08672704265155
116,-239.66666666666666,-309.4423404070608,-169.89099292627253,137.87756243211666
117,-256.26666666666665,-329.1487961115094,-183.3845372218239,144.01595590612715
118,-211.66666666666666,-240.27560542001075,-183.05772791332257,56.53160374712735
119,-226.33333333333334,-266.9526662527058,-185.7140004139609,80.26428567897153
120,-212.93333333333334,-243.2150150049192,-182.65165166174748,59.83696367816655
121,-245.8,-295.56194297028384,-196.0380570297162,98.33019204022062
122,-256.06666666666666,-290.80260862202357,-221.33072471130973,68.63863505506372
123,-256.2,-315.08739460812757,-197.3126053918724,116.36219317286866
124,-222.93333333333334,-253.91399309916025,-191.95267356750642,61.2181527181458
125,-224.2,-255.5007083938296,-192.89929160617038,61.85057261928408
126,-252.06666666666666,-313.30500950995884,-190.8283238233745,121.00769488847486
127,-200.86666666666667,-235.13865107721747,-166.59468225611587,67.72184942017523
128,-324.2,-553.0413348893848,-95.35866511061522,452.1932035461538
129,-221.33333333333334,-259.24498561030975,-183.42168105635693,74.91387647751843
130,-239.33333333333334,-289.45031714491535,-189.21634952175137,99.03175697163456
131,-213.13333333333333,-261.65620837746224,-164.61045828920442,95.88177905919119
132,-241.06666666666666,-288.22030619125496,-193.91302714207836,93.17615336316237
133,-197.73333333333332,-231.19699608652365,-164.26967058014299,66.12459619704472
134,-199.6,-241.76781572927126,-157.43218427072873,83.32410615582182
135,-238.0,-298.7188190194038,-177.28118098059622,119.98110962425154
136,-185.46666666666667,-205.51271068463615,-165.4206226486972,39.61122175455951
137,-203.33333333333334,-229.54798902508404,-177.11867764158265,51.8004718983224
138,-236.8,-286.4413655752718,-187.15863442472823,98.09192967143967
139,-180.46666666666667,-201.47180918762868,-159.46152414570466,41.506411820611795
140,-208.53333333333333,-245.55277814418514,-171.51388852248152,73.15086389707841
141,-192.46666666666667,-217.68287334000658,-167.25045999332676,49.82752474508664
142,-208.46666666666667,-253.67501702479967,-163.25831630853367,89.33223879926489
143,-202.06666666666666,-231.33568888723542,-172.7976444460979,57.83593654083554
144,-186.53333333333333,-210.10254801627028,-162.9641186503964,46.57304895418474
145,-191.06666666666666,-211.72561351444327,-170.40771981889006,40.82232504674644
146,-226.8,-266.88132642737486,-186.71867357262516,79.20117844241123
147,-212.4,-241.8413776972327,-182.9586223027673,58.1765130157065
148,-219.0,-254.35927882623048,-183.64072117376952,69.87035613668122
149,-190.66666666666666,-210.7406279247889,-170.59270540854442,39.66638655363282
150,-200.06666666666666,-230.61052289510815,-169.52281043822518,60.355023725360994
151,-201.93333333333334,-227.88536935650785,-175.98129731015882,51.28153230506627
152,-281.4,-403.2220967542424,-159.57790324575757,240.72191424961707
153,-189.0,-221.42640175330385,-156.57359824669615,64.0749561061106
154,-199.8,-225.7669879175678,-173.83301208243222,51.3110774264843
155,-212.13333333333333,-239.65215937203178,-184.61450729463488,54.37752803829497
156,-275.06666666666666,-407.421805113588,-142.71152821974536,261.5353300968894
157,-207.4,-246.56112917223462,-168.2388708277654,77.38285770548066
158,-211.53333333333333,-246.67604365525315,-176.3906230114135,69.44241419254438
159,-227.6,-269.7560719738766,-185.44392802612336,83.30090035527827
160,-251.33333333333334,-324.02550692806034,-178.64115973860635,143.64060088367154
161,-210.66666666666666,-235.73401464795128,-185.59931868538203,49.533378196480356
162,-178.46666666666667,-201.94879123203987,-154.98454210129347,46.40095784451964
163,-228.93333333333334,-275.38876680544166,-182.477899861225,91.79648988689904
164,-201.8,-241.75931089607138,-161.84068910392864,78.96007429918828
165,-220.06666666666666,-261.87365674107264,-178.25967659226066,82.6111103638945
166,-200.26666666666668,-235.83463577080013,-164.69869756253323,70.28273061159635
167,-215.4,-272.07524136536364,-158.7247586346364,111.99095201547907
168,-229.4,-275.81805285590224,-182.98194714409777,91.72262534402294
169,-207.53333333333333,-260.1830395464351,-154.88362712023158,104.03644660513076
170,-214.6,-260.326538161845,-168.873461838155,90.35618407170591
171,-220.46666666666667,-273.31058871697684,-167.6227446163565,104.4202194128236
172,-205.66666666666666,-247.92583700785917,-163.40749632547414,83.50462395713318
173,-191.06666666666666,-229.5530318536222,-152.58030147971112,76.0495160332325
174,-201.53333333333333,-244.4377354888922,-158.62893117777446,84.77960970789039
175,-180.26666666666668,-211.5664295548941,-148.96690377843925,61.84870428895194
176,-209.73333333333332,-251.02543344909844,-168.4412332175682,81.59368167259576
177,-193.4,-230.74726726638332,-156.0527327336167,73.79864497401019
178,-252.86666666666667,-360.28005004081365,-145.45328329251967,212.25012498360408
179,-265.0,-384.72789231883735,-145.27210768116265,236.5837413404959
180,-265.06666666666666,-419.8560420570601,-110.27729127627319,305.865649518797
181,-256.4,-349.55219243462693,-163.24780756537302,184.06984181735655
182,-250.53333333333333,-338.1061034384378,-162.96056322822886,173.04483683587776
183,-235.8,-300.6122999794192,-170.9877000205808,128.06987676004587
184,-189.6,-226.04208766796984,-153.15791233203015,72.00999930565199
185,-193.4,-234.1959664760024,-152.6040335239976,80.61331569081294
186,-279.8,-391.0173998345383,-168.58260016546174,219.76690682023383
187,-245.8,-356.5421700475679,-135.05782995243212,218.82784710056137
188,-268.93333333333334,-378.58788860970685,-159.27877805695982,216.6787073577425
189,-191.66666666666666,-244.71111074617139,-138.62222258716193,104.81645333099614
190,-214.6,-269.2670356800553,-159.93296431994466,108.02271366090866
191,-242.6,-384.3846894376587,-100.81531056234127,280.16823517308313
192,-174.6,-189.45559901331632,-159.74440098668367,29.354840600259898
193,-199.53333333333333,-257.29741984518034,-141.76924682148632,114.14252299452451
194,-175.06666666666666,-214.03359034379648,-136.09974298953685,76.99910533390776
195,-187.93333333333334,-219.5430377147647,-156.32362895190198,62.46115237133842
196,-211.8,-301.00260294757226,-122.59739705242778,176.26540594607138
197,-223.73333333333332,-306.2926378494967,-141.17402881716995,163.13816911508545
198,-262.6666666666667,-442.8230381583156,-82.51029517501772,355.99113596954754
199,-261.06666666666666,-432.46970616121695,-89.66362717211638,338.69444767945174
200,-208.13333333333333,-261.4344006219318,-154.83226604473484,105.32354384888922
201,-179.66666666666666,-221.234141073859,-138.0991922594743,82.13782455253013
202,-222.73333333333332,-310.0795710337335,-135.38709563293312,172.5972061058798
203,-209.2,-279.0257041445977,-139.3742958554023,137.97642310675158
204,-188.33333333333334,-223.77685232926285,-152.88981433740383,70.03681571541895
205,-181.0,-211.55756709338402,-150.44243290661598,60.382116557802114
206,-159.86666666666667,-182.1581600091289,-137.57517332420446,44.048256366045734
207,-220.0,-288.9246539990509,-151.07534600094908,136.19593728644526
208,-179.46666666666667,-204.3433946734992,-154.58993865983413,49.15671085642552
209,-184.66666666666666,-210.01038654914407,-159.32294678418924,50.07949236519431
210,-163.73333333333332,-181.45634525360032,-146.01032141306632,35.02088265909673
211,-177.93333333333334,-228.3044322732494,-127.56223439341727,99.53389149207196
212,-185.2,-230.01779046762567,-140.3822095323743,88.5604878035346
213,-159.33333333333334,-179.14962729487848,-139.5170393717882,39.157232906436185
214,-187.8,-240.52208125380992,-135.0779187461901,104.17946054765305
215,-165.46666666666667,-185.51271068463615,-145.4206226486972,39.611221754559516
216,-169.4,-190.04847571022026,-148.75152428977975,40.80163395420989
217,-202.13333333333333,-269.0422884547297,-135.22437821193694,132.21289229454473
218,-172.86666666666667,-196.42791149072593,-149.30542184260742,46.55730041811082
219,-174.2,-199.15507563959238,-149.2449243604076,49.31152671198355
220,-179.66666666666666,-194.6628134507699,-164.6705198825634,29.632564669445824
221,-161.4,-179.8214977024128,-142.9785022975872,36.40109888451171
222,-172.26666666666668,-190.7017530080651,-153.83158032526825,36.42795019700609
223,-180.66666666666666,-197.1012576845754,-164.23207564875793,32.47494760922983
224,-187.6,-242.05267408024042,-133.14732591975957,107.59913258634259
225,-220.6,-284.98640273846644,-156.21359726153355,127.22829873892049
226,-207.0,-253.9564443098306,-160.0435556901694,92.78649326994385
227,-162.46666666666667,-181.331482356002,-143.60185097733134,37.27710050717762
228,-192.6,-233.67541531053985,-151.52458468946014,81.16550991646636
229,-197.53333333333333,-272.5892190592623,-122.47744760740439,148.31132420988254
230,-174.4,-196.19259904544558,-152.60740095455444,43.062435292646114
231,-194.46666666666667,-237.07957561184864,-151.8537577214847,84.20361565211371
232,-199.4,-244.73805713427862,-154.0619428657214,89.58854093390889
233,-194.86666666666667,-243.1899724942247,-146.54336083910866,95.48742791011227
234,-203.33333333333334,-263.4276895606062,-143.23897710606047,118.74716370881828
235,-186.53333333333333,-267.4382391253483,-105.62842754131839,159.86905753007852
236,-205.2,-278.1998075808727,-132.2001924191273,144.2484893046255
237,-193.53333333333333,-237.05528588212482,-150.01138078454184,85.99989664076476
238,-163.4,-182.2384902626983,-144.56150973730172,37.22508115057194
239,-171.4,-199.31977021236227,-143.48022978763774,55.169798501233146
240,-198.93333333333334,-258.82328971977904,-139.0433769468876,118.34326718866981
241,-195.26666666666668,-236.39926594122605,-154.1340673921073,81.27850611050597
242,-171.4,-189.10405555044758,-153.69594444955243,34.98342464653797
243,-176.46666666666667,-205.93185030757738,-147.00148302575596,58.22355384397471
244,-179.13333333333333,-213.1317186265814,-145.13494804008525,67.18121430545563
245,-211.73333333333332,-314.3642381675083,-109.10242849915835,202.79989042293772
246,-164.53333333333333,-181.6330691562873,-147.43359751037937,33.7892816667587
247,-150.53333333333333,-166.3562699863673,-134.71039668029937,31.26631129862015
248,-150.13333333333333,-167.84131033973526,-132.4253563269314,34.991173490213534
249,-168.73333333333332,-188.84026859826488,-148.62639806840176,39.731543583852314
250,-161.66666666666666,-193.6678199051453,-129.665513428188,63.23465997554049
251,-143.26666666666668,-157.5619423887495,-128.97139094458387,28.24763510258671
252,-164.4,-185.64914816174993,-143.15085183825008,41.9885698732405
253,-161.33333333333334,-183.161837810363,-139.50482885630367,43.1333848531377
254,-154.33333333333334,-168.5389896298518,-140.12767703681487,28.070546050184983
255,-144.66666666666666,-159.99166273820262,-129.3416705951307,30.282374778445337
256,-161.0,-178.64048394397892,-143.35951605602108,34.8578063949335
257,-147.2,-162.19789245045968,-132.2021075495403,29.63601412695934
258,-160.06666666666666,-186.5919785440526,-133.54135478928072,52.414332221466125
259,-155.6,-173.0866958139292,-138.1133041860708,34.55391921813405
260,-160.66666666666666,-203.05533075577495,-118.27800257755837,83.76050514545756
261,-201.86666666666667,-290.7975718902248,-112.93576144310855,175.72852800713818
262,-152.0,-170.07172435970992,-133.92827564029008,35.70994259306503
263,-171.86666666666667,-215.4274398652597,-128.30589346807366,86.07660670717813
264,-203.0,-278.62202806648924,-127.37797193351075,149.43002821833815
265,-148.06666666666666,-160.4785786320746,-135.65475470125872,24.526085886029364
266,-146.93333333333334,-163.74467192678577,-130.1219947398809,33.219405306069056
267,-140.93333333333334,-155.41373134709792,-126.45293531956877,28.613438956002632
268,-140.33333333333334,-160.77226217386087,-119.89440449280582,40.3875668437151
269,-146.66666666666666,-164.0022155165279,-129.3311178168054,34.25525101677438
270,-148.8,-164.63623937401528,-132.96376062598475,31.292597633732278
271,-151.8,-169.16952742144832,-134.4304725785517,34.322393078960374
272,-135.06666666666666,-148.3747528790804,-121.75858045425291,26.296936872740307
273,-236.93333333333334,-379.50467481842725,-94.36199184823946,281.7226689888874
274,-173.4,-229.075286492702,-117.72471350729802,110.01502927630692
275,-135.4,-149.79446204621763,-121.00553795378237,28.443628460518187
276,-161.13333333333333,-179.90196754319803,-142.36469912346863,37.08704475809428
277,-151.33333333333334,-171.1073636799306,-131.5593029867361,39.07371949988324
278,-146.4,-167.24680095468955,-125.55319904531046,41.193526999598696
279,-171.0,-186.80472615671934,-155.19527384328066,31.23032714099123
280,-251.73333333333332,-461.86007886345726,-41.60658780320935,415.21295205659897
281,-162.26666666666668,-181.68064375001035,-142.852689583323,38.362249962980826
282,-147.53333333333333,-165.73859689129412,-129.32806977537254,35.97381763943821
283,-152.8,-165.95158539492485,-139.64841460507517,25.987689393249262
284,-151.6,-161.28662238117886,-141.91337761882113,19.14088120576828
285,-149.06666666666666,-162.62514103074912,-135.5081923025842,26.79170684289367
286,-177.4,-202.58092789394385,-152.21907210605616,49.75781345678284
287,-143.33333333333334,-156.4334948477462,-130.23317181892048,25.886075192830774
288,-148.06666666666666,-162.62584977765403,-133.5074835556793,28.769119246550154
289,-149.06666666666666,-157.98550024594232,-140.147833087391,17.62372138782146
290,-238.86666666666667,-435.27269493773275,-42.4606383956006,388.1006513207051
291,-145.8,-158.10655266108265,-133.49344733891738,24.31789464571306
292,-161.73333333333332,-185.51571963480848,-137.95094703185816,46.9942786115738
293,-154.53333333333333,-171.60608885828637,-137.4605778083803,33.73596827653766
294,-140.73333333333332,-154.79620749717864,-126.670459169488,27.788406855297687
295,-129.6,-142.72507479089802,-116.47492520910197,25.935304123915724
296,-145.33333333333334,-157.30723007830568,-133.359436588361,23.660562593104636
297,-151.8,-166.5568896210851,-137.04311037891492,29.159789665450834
298,-146.26666666666668,-161.30238258921935,-131.230950744114,29.710753758342936
299,-142.66666666666666,-156.46133754322594,-128.87199579010738,27.258433964962517
300,-147.0,-158.48232171644742,-135.51767828355258,22.68920448142684
301,-174.73333333333332,-208.4567098805913,-141.00995678607535,66.63779374765912
302,-142.73333333333332,-155.97453742314886,-129.49212924351778,26.16477700183121
303,-155.2,-167.38805547155812,-143.01194452844186,24.083742787753458
304,-141.13333333333333,-157.35481631435894,-124.91185035230771,32.0538435899486
305,-149.13333333333333,-167.12064930546995,-131.1460173611967,35.543150613803995
306,-144.53333333333333,-163.01503902341548,-126.05162764325118,36.52007058530357
307,-136.2,-154.78427309312903,-117.61572690687095,36.72274499543846
308,-136.66666666666666,-155.9696908780099,-117.36364245532341,38.14300576631171
309,-124.53333333333333,-138.09357056058195,-110.97309610608471,26.79519028150803
310,-126.06666666666666,-142.06302779361374,-110.07030553971958,31.609000124788647
311,-137.26666666666668,-155.3765827095831,-119.15675062375027,35.785409813994804
312,-145.13333333333333,-163.35734420706598,-126.90932245960067,36.0108625587089
313,-128.6,-143.0075036252333,-114.19249637476668,28.469398775995717
314,-143.46666666666667,-163.6569852677887,-123.27634806554462,39.89631004937117
315,-133.73333333333332,-153.39549018273237,-114.07117648393427,38.852656136857476
316,-135.66666666666666,-149.84224361880254,-121.49108971453077,28.011108907399976
317,-139.6,-154.55068791579689,-124.64931208420309,29.542737404196878
318,-144.13333333333333,-162.99543364920285,-125.27123301746379,37.2717348968655
319,-149.66666666666666,-171.8166259375932,-127.51670739574014,43.76858335483214
320,-141.53333333333333,-158.08304602279424,-124.98362064387241,32.70242940346923
321,-149.6,-176.54763601753098,-122.65236398246901,53.248849752835035
322,-132.73333333333332,-146.57471051165604,-118.89195615501062,27.350726173581247
323,-145.26666666666668,-164.80250594771152,-125.73082738562184,38.60305111717926
324,-124.73333333333333,-136.76100895496776,-112.7056577116989,23.766830293966887
325,-147.0,-163.18052250220754,-130.81947749779246,31.972905195910283
326,-131.46666666666667,-144.9675962105221,-117.96573712281125,26.677997592689668
327,-141.33333333333334,-169.85500638176234,-112.81166028490433,56.359165674764526
328,-127.0,-144.92278033986668,-109.07721966013334,35.41562743573332
329,-142.33333333333334,-157.92999333665648,-126.73667333001022,30.8191859435356
330,-131.26666666666668,-144.65150928697307,-117.8818240463603,26.448608449007082
331,-139.46666666666667,-152.789370625337,-126.14396270799634,26.32582171346013
332,-162.2,-206.3414357436537,-118.05856425634627,87.22400281268146
333,-128.8,-145.67391915748485,-111.92608084251519,33.3430652460148
334,-134.93333333333334,-148.8840628711402,-120.98260379552647,27.56680773845403
335,-131.26666666666668,-146.16663962612512,-116.36669370720824,29.442524046389472
336,-157.6,-173.65850273358149,-141.5414972664185,31.73179267968746
337,-134.33333333333334,-150.28929747542466,-118.37736919124202,31.529175201531817
338,-139.2,-153.26861974434988,-125.13138025565011,27.799760190812204
339,-148.4,-165.51962732720028,-131.28037267279973,33.82858751608369
340,-151.33333333333334,-165.58458864386392,-137.08207802280276,28.160650245017823
341,-141.93333333333334,-154.81638636923776,-129.0502802974289,25.457066253247294
342,-133.53333333333333,-146.33982217008815,-120.72684449657851,25.30577448374624
343,-147.6,-160.94822517707047,-134.25177482292952,26.37625194501043
344,-133.4,-145.80549085597897,-120.99450914402104,24.51339769731374
345,-146.86666666666667,-161.95611156822076,-131.77722176511259,29.81692286083339
346,-139.66666666666666,-154.86861632720303,-124.4647170061303,30.039233604663675
347,-135.0,-151.84434739344658,-118.15565260655342,33.28463108803621
348,-145.73333333333332,-158.27252315180658,-133.19414351486006,24.777588439734988
349,-139.73333333333332,-160.2928658716133,-119.17380079505335,40.62588118702439
350,-161.93333333333334,-196.70071901419064,-127.16594765247604,68.70076823118904
351,-131.26666666666668,-145.23574208239734,-117.29759125093604,27.60305941175523
352,-138.26666666666668,-150.9062157256646,-125.62711760766878,24.97589949442373
353,-139.06666666666666,-157.12654591978009,-121.00678741355323,35.68653652133938
354,-140.4,-153.50945527472442,-127.29054472527558,25.90443977390748
355,-159.66666666666666,-216.4345790637764,-102.89875426955692,112.1740710780447
356,-145.6,-167.8116422885737,-123.3883577114263,43.890469732429764
357,-141.6,-158.4218299651904,-124.77817003480959,33.24013638158945
358,-137.13333333333333,-163.04481118246275,-111.22185548420389,51.20138887005138
359,-127.2,-142.55564067768657,-111.84435932231344,30.34292888521695
360,-197.8,-343.99716363626516,-51.602836363734866,288.8873367479671
361,-122.13333333333334,-135.1540115155912,-109.11265515107547,25.729015181740287
362,-148.2,-173.5494680408792,-122.8505319591208,50.09085079466442
363,-144.53333333333333,-164.41431425853287,-124.6523524081338,39.28505511712508
364,-126.26666666666667,-142.55076026793336,-109.98257306539998,32.17756292132074
365,-146.2,-169.12535402271175,-123.27464597728823,45.3007726203428
366,-147.66666666666666,-167.7125403383044,-127.62079299502892,39.61088514817893
367,-142.0,-159.07688860549382,-124.9231113945062,33.7441352929167
368,-223.66666666666666,-388.6244882997311,-58.70884503360219,325.9586204140369
369,-131.33333333333334,-145.53057383724558,-117.13609282942112,28.053916343751762
370,-143.4,-163.98802510198587,-122.81197489801414,40.68218283229158
371,-159.0,-192.83181808101165,-125.16818191898835,66.85207551003933
372,-145.2,-166.77084656454426,-123.62915343545572,42.62424974901806
373,-156.93333333333334,-178.26721614847906,-135.5994505181876,42.15600655765307
374,-150.8,-162.6844907038076,-138.91550929619243,23.48389519081818
375,-142.13333333333333,-156.880578103999,-127.38608856266765,29.14073132613906
376,-161.13333333333333,-184.8318626804218,-137.43480398624484,46.828576270857894
377,-171.0,-232.99138451967875,-109.00861548032125,122.4957142107429
378,-152.0,-168.7426785060084,-135.2573214939916,33.08373215544663
379,-136.06666666666666,-147.60308550120652,-124.5302478321268,22.796101031146144
380,-143.53333333333333,-164.23306700562253,-122.83359966104412,40.90292029780868
381,-135.73333333333332,-149.44208724272085,-122.02457942394578,27.088661014445798
382,-153.86666666666667,-169.04186227197138,-138.69147106136197,29.98636727284954
383,-184.86666666666667,-235.69981796572142,-134.03351536761193,100.44691245738825
384,-161.26666666666668,-183.56398033578967,-138.9693529975437,44.05975740085528
385,-151.0,-175.29908193967646,-126.70091806032353,48.01527534719203
386,-150.33333333333334,-167.55326335426915,-133.11340331239754,34.02678683364361
387,-142.73333333333332,-160.6984240116873,-124.76824265497933,35.49923316855669
388,-161.06666666666666,-195.7046559265872,-126.42867740674612,68.44507936213449
389,-137.2,-150.910912546014,-123.48908745398597,27.09292650613194
390,-138.8,-152.48099344021153,-125.11900655978847,27.033805996689892
391,-190.66666666666666,-291.2509210503719,-90.0824122829614,198.75568475448
392,-151.46666666666667,-165.9616780956351,-136.97165523769823,28.6423152385107
393,-136.53333333333333,-158.13081133150436,-114.9358553351623,42.676873779080346
394,-132.06666666666666,-145.10254684294821,-119.03078649038511,25.759054503007075
395,-142.26666666666668,-166.15649779888537,-118.37683553444798,47.20659087693394
396,-150.0,-163.45168751082514,-136.54831248917486,26.580694748883698
397,-155.86666666666667,-180.4999268896825,-131.23340644365084,48.67561561557856
398,-150.13333333333333,-177.07784345430713,-123.18882321235952,53.24267294400444
399,-147.13333333333333,-166.74105566389974,-127.52561100276692,38.745092879256624
400,-156.4,-173.6388905237225,-139.16110947627752,34.06425301299491
401,-140.73333333333332,-152.94415488970213,-128.5225117769645,24.128728842513766
402,-151.4,-171.13352208918735,-131.66647791081266,38.993674700734054
403,-172.0,-249.42350090537394,-94.57649909462604,152.98976000591236
404,-134.73333333333332,-148.36214436704395,-121.10452229962269,26.93069293988222
405,-167.06666666666666,-231.95512464027388,-102.17820869305943,128.22036586370444
406,-139.73333333333332,-176.02126483761253,-103.44540182905412,71.70538488999429
407,-176.13333333333333,-228.01437385975015,-124.2522928069165,102.51755405241042
408,-128.66666666666666,-142.6237588396777,-114.70957449365562,27.579380381404917
409,-152.0,-181.1196170914996,-122.8803829085004,57.54071022618103
410,-155.53333333333333,-221.98497545912895,-89.08169120753772,131.30923636803146
411,-134.6,-150.1298858778092,-119.07011412219079,30.68723947615143
412,-147.6,-177.23616788542898,-117.96383211457099,58.56142074779266
413,-138.86666666666667,-155.19515590389773,-122.53817742943562,32.26528922679741
414,-152.13333333333333,-175.26234222532707,-129.00432444133958,45.703197067844414
415,-140.6,-154.34026947172273,-126.85973052827727,27.150936141012405
416,-123.4,-137.77547135613685,-109.02452864386315,28.406102630714173
417,-129.46666666666667,-144.2439825518459,-114.68935078148743,29.20015220660483
418,-134.46666666666667,-150.03067020379373,-118.9026631295396,30.754656377350226
419,-142.8,-157.93050038681986,-127.66949961318016,29.898048988743955
420,-135.46666666666667,-152.8986643686365,-118.03466896469683,34.44583509737506
421,-141.86666666666667,-162.23882505047115,-121.49450828286221,40.25562762590536
422,-142.6,-154.74398875713138,-130.4560112428686,23.99666643515303
423,-142.8,-154.21251972177924,-131.38748027822078,22.551274908527898
424,-141.2,-158.76016105215945,-123.63983894784054,34.69908740394575
425,-138.6,-155.90808121594586,-121.29191878405413,34.20097464498149
426,-150.4,-170.55556099277155,-130.24443900722846,39.82762860126121
427,-135.93333333333334,-156.2060185683247,-115.66064809834197,40.059067498993144
428,-152.06666666666666,-179.6725887280516,-124.46074460528173,54.54963081655294
429,-130.0,-144.88912121875117,-115.11087878124881,29.421080877493267
430,-123.93333333333334,-138.82069613140746,-109.04597053525922,29.417606217290277
431,-136.0,-160.39515522029367,-111.60484477970631,48.20511729405223
432,-131.53333333333333,-147.03468151460572,-116.03198515206094,30.630848647872764
433,-121.93333333333334,-138.1743817796941,-105.69228488697259,32.09250518250155
434,-133.46666666666667,-148.73831528222345,-118.1950180511099,30.176959569991293
435,-117.4,-130.23436708563725,-104.56563291436275,25.36086223560495
436,-135.13333333333333,-151.5379769541477,-118.72868971251894,32.41577119585808
437,-136.46666666666667,-157.19195432030193,-115.74137901303142,40.95341526933037
438,-122.53333333333333,-136.91007151591043,-108.15659515075623,28.408605894849696
439,-119.46666666666667,-134.13613639476876,-104.79719693856458,28.98704691562921
440,-123.06666666666666,-136.17699018048725,-109.95634315284607,25.90615542470339
441,-140.46666666666667,-155.63173289333574,-125.30160043999759,29.96635150001118
442,-138.6,-153.13257725250412,-124.06742274749588,28.716545753276108
443,-140.53333333333333,-161.68266611748552,-119.38400054918114,41.79133349817346
444,-135.2,-148.17908783646473,-122.22091216353526,25.64683216305671
445,-126.26666666666667,-141.03889789711815,-111.49443543621518,29.19010486829779
446,-125.6,-139.1046386368207,-112.09536136317926,26.685326804569335
447,-131.53333333333333,-144.98738993320657,-118.07927673346009,26.58537609706175
448,-132.6,-164.01265801198264,-101.18734198801735,62.07178639822336
449,-136.53333333333333,-153.24627596582738,-119.82039070083928,33.024973715188466
450,-133.53333333333333,-148.68938998454755,-118.37727668211912,29.948548471596343
451,-129.73333333333332,-146.6711475296264,-112.79551913704022,33.46932260377487
452,-119.4,-133.4097580215442,-105.3902419784558,27.683448725426775
453,-137.86666666666667,-153.07333274489747,-122.66000058843589,30.048553302206674
454,-121.13333333333334,-139.6205811152004,-102.6460855514663,36.531021824684224
455,-127.4,-147.1689641565314,-107.63103584346862,39.06370864796805
456,-131.93333333333334,-162.9217076905613,-100.94495897610537,61.23339684264534
457,-124.4,-138.4875392946312,-110.31246070536882,27.837145447525085
458,-120.2,-135.10081325744784,-105.29918674255217,29.4441844852256
459,-129.6,-144.70520230619607,-114.49479769380393,29.848059680097574
460,-136.2,-173.70438361578547,-98.6956163842145,74.10910875189364
461,-134.0,-147.91339255697346,-120.08660744302654,27.493029419594098
462,-131.2,-145.13448349957758,-117.26551650042241,27.53470537340104
463,-124.8,-136.33306370397736,-113.26693629602264,22.78947125319058
464,-132.46666666666667,-147.276298543453,-117.65703478988033,29.26400899094692
465,-132.26666666666668,-144.48587484129138,-120.047458492042,24.145300900083136
466,-130.06666666666666,-143.84870713700073,-116.28462619633261,27.233476131816555
467,-133.46666666666667,-147.7588367022465,-119.17449663108684,28.24149822906395
468,-131.26666666666668,-146.34886819964856,-116.18446513368478,29.802609878256558
469,-128.06666666666666,-145.95270132978777,-110.18063200354554,35.34301754079423
470,-124.46666666666667,-137.68128153444482,-111.2520517988885,26.112236382372327
471,-125.4,-138.7290247972027,-112.07097520279731,26.338311765689667
472,-139.93333333333334,-154.08455947468602,-125.78210719198066,27.96299141524184
473,-124.06666666666666,-137.45533555632994,-110.6779977770034,26.456169202832235
474,-143.2,-157.20536999233587,-129.1946300076641,27.674777927443852
475,-125.13333333333334,-139.70705086003696,-110.55961580662972,28.79783942512972
476,-151.6,-180.19588577711446,-123.00411422288552,56.50581091061933
477,-128.46666666666667,-142.04703464946257,-114.88629868387076,26.83496889425355
478,-136.6,-154.01331283306604,-119.18668716693396,34.40891357385951
479,-133.93333333333334,-150.02546959001796,-117.84119707664873,31.79825292195923
480,-113.06666666666666,-121.60404443044645,-104.52928890288688,16.869960152755418
481,-129.06666666666666,-144.57197951862284,-113.5613538147105,30.638682884368396
482,-132.4,-146.85128438121217,-117.94871561878784,28.555910071296974
483,-124.33333333333333,-140.01950249010372,-108.64716417656294,30.9960570969205
484,-132.66666666666666,-147.36845717490573,-117.9648761584276,29.050913162163347
485,-116.2,-129.0893245474264,-103.3106754525736,25.469458834716793
486,-121.93333333333334,-134.25412145627297,-109.6125452103937,24.34602408790579
487,-120.26666666666667,-137.0118604306275,-103.52147290270584,33.0887023351207
488,-121.13333333333334,-135.09923052348643,-107.16743614318025,27.596779200157076
489,-127.26666666666667,-143.40541946073807,-111.12791387259524,31.89036775510053
490,-116.06666666666666,-131.71883901051342,-100.4144943228199,30.928878989636132
491,-119.2,-133.8033665281522,-104.59663347184782,28.856426205151134
492,-124.46666666666667,-137.6074290280001,-111.32590430533325,25.966302949955907
493,-128.86666666666667,-146.93543047770973,-110.79790285562362,35.70409251363522
494,-119.73333333333333,-133.4346124128505,-106.03205425381617,27.073890661586773
495,-113.33333333333333,-125.19548718185197,-101.47117948481468,23.439757298705594
496,-124.06666666666666,-137.35934841153554,-110.77398492179779,26.26649746138394
497,-124.2,-141.508475796557,-106.891524203443,34.20175434096912
498,-132.73333333333332,-155.16805545907536,-110.29861120759128,44.331278147852025
499,-129.13333333333333,-142.01426573114665,-116.25240093552,25.45287584711969
500,-126.46666666666667,-144.14955707561325,-108.78377625772009,34.94160207482701
501,-125.2,-138.39565137796876,-112.00434862203124,26.074764300628555
502,-134.53333333333333,-155.77530231230756,-113.2913643543591,41.97438372256213
503,-132.4,-148.40418647451696,-116.39581352548306,31.624463104796998
504,-140.73333333333332,-169.9065310092316,-111.56013565743504,57.64658609916887
505,-128.26666666666668,-140.85613610978697,-115.6771972235464,24.876941576934698
506,-139.46666666666667,-151.9859608557411,-126.94737247759225,24.738274439059452
507,-127.66666666666667,-146.31556665607127,-109.01776667726207,36.850448512271264
508,-125.06666666666666,-136.95728546998913,-113.1760478633442,23.496004388453418
509,-133.66666666666666,-148.94926780264746,-118.38406553068586,30.19860188080825
510,-126.0,-136.50871993473356,-115.49128006526644,20.765355763867856
511,-141.73333333333332,-170.86494822493506,-112.60171844173158,57.564418022092624
512,-154.06666666666666,-196.33423990054752,-111.79909343278581,83.52122817317498
513,-132.33333333333334,-142.89822692449613,-121.76843974217056,20.87635557807498
514,-122.0,-136.6707887540741,-107.32921124592592,28.98965332666122
515,-143.73333333333332,-163.5175497015321,-123.94911696513456,39.09384719989693
516,-129.53333333333333,-140.93637409219008,-118.13029257447658,22.532544364885993
517,-139.4,-166.75699445480078,-112.04300554519924,54.05774690088369
518,-125.4,-139.07550117058483,-111.7244988294152,27.022953206487255
519,-134.73333333333332,-154.25605863185353,-115.2106080348131,38.57713773150563
520,-136.4,-156.31696069629547,-116.48303930370456,39.35615157337753
521,-119.73333333333333,-133.36590216166715,-106.1007645049995,26.938118386818
522,-127.2,-139.6500033806332,-114.74999661936681,24.601354976233864
523,-158.93333333333334,-196.00237123670334,-121.86429542996333,73.24886043861403
524,-129.26666666666668,-145.6896179636688,-112.84371536966455,32.45194738207384
525,-132.0,-148.43493731185015,-115.56506268814985,32.47563189018293
526,-131.4,-142.97680120086912,-119.82319879913089,22.875897068020453
527,-138.93333333333334,-152.5846756187129,-125.28199104795375,26.97521496155725
528,-134.13333333333333,-158.59130391992971,-109.67536274673692,48.32924120608098
529,-132.33333333333334,-146.28430764153663,-118.38235902513006,27.56729140767289
530,-130.0,-142.7049397917153,-117.2950602082847,25.105112361163943
531,-127.2,-137.28624794019615,-117.11375205980386,19.930546070458448
532,-124.4,-136.81099486745524,-111.98900513254478,24.52427368955093
533,-129.53333333333333,-139.425873007998,-119.64079365866866,19.547776230445127
534,-138.53333333333333,-161.84176648276406,-115.2249001839026,46.05774153772149
535,-140.86666666666667,-165.34766326705343,-116.38567006627991,48.37474088360118
536,-135.33333333333334,-148.2351917581811,-122.4314749084856,25.49422592579652
537,-127.53333333333333,-140.20040918169502,-114.86625748497164,25.03029275808726
538,-180.8,-264.24029983540464,-97.3597001645954,164.87902635973242
539,-135.86666666666667,-157.20887111110372,-114.52446222222963,42.172450196254374
540,-130.73333333333332,-145.88330549221251,-115.58336117445413,29.936525442267936
541,-132.46666666666667,-150.73091910729,-114.20241422604335,36.09038037421545
542,-118.0,-129.44061101709363,-106.55938898290636,22.606783642673864
543,-128.0,-141.60691170773964,-114.39308829226036,26.88741961091345
544,-128.06666666666666,-140.4468994940112,-115.68643383932213,24.46348753187538
545,-125.53333333333333,-139.79440930541486,-111.27225736125179,28.180055989219674
546,-130.73333333333332,-152.5413351158935,-108.92533155077314,43.092871284651665
547,-129.4,-143.00038524944546,-115.79961475055455,26.87452325158532
548,-124.13333333333334,-137.38149858547857,-110.88516808118811,26.178532341511342
549,-133.06666666666666,-144.97306992865293,-121.1602634046804,23.52719466678696
550,-132.6,-145.66379168371708,-119.53620831628291,25.814207974162855
551,-127.8,-144.33870458987374,-111.26129541012625,32.68067726756388
552,-124.8,-139.05548780723487,-110.54451219276513,28.169013708920186
553,-123.26666666666667,-136.30123702455782,-110.23209630877551,25.756466286265972
554,-129.0,-141.08083823434634,-116.91916176565366,23.87188024992306
555,-127.66666666666667,-141.15848775012861,-114.17484558320473,26.659999166458267
556,-126.6,-142.2732474348986,-110.9267525651014,30.97052362058693
557,-134.53333333333333,-149.31295984693242,-119.75370681973423,29.20471803588515
558,-134.26666666666668,-146.36369981870365,-122.16963351462971,23.903881600182753
559,-130.06666666666666,-144.93681655656852,-115.19651677676481,29.383593305713234
560,-126.46666666666667,-136.85752888590812,-116.07580444742523,20.532467514213245
561,-141.86666666666667,-150.8263736989141,-132.90695963441925,17.70448781775087
562,-134.4,-145.3351684963902,-123.46483150360982,21.60802320127102
563,-138.4,-152.1104144292659,-124.68958557073412,27.091942221504414
564,-130.13333333333333,-140.06720883829854,-120.1994578283681,19.629456323483733
565,-132.8,-143.1667346278587,-122.43326537214132,20.484791106249208
566,-128.66666666666666,-140.9126734232172,-116.42065991011611,24.19825521717538
567,-121.53333333333333,-131.3774285004505,-111.68923816621617,19.45204930649268
568,-133.53333333333333,-144.0011388708073,-123.06552779585938,20.68450842753796
569,-132.6,-144.6025708653512,-120.59742913464878,23.717222996520203
570,-131.13333333333333,-143.58150806313623,-118.68515860353043,24.59774154041157
571,-137.6,-148.20382341107836,-126.99617658892164,20.95328136593407
572,-136.0,-148.34229497837956,-123.65770502162044,24.38852189043034
573,-136.93333333333334,-152.13730449489114,-121.72936217177553,30.04322811476083
574,-128.53333333333333,-140.59559602384107,-116.4710706428256,23.83517475403853
575,-124.4,-137.68797126226073,-111.1120287377393,26.257189491642094
576,-137.13333333333333,-156.42326230887602,-117.84340435779063,38.11712942438813
577,-123.0,-134.8078139100061,-111.19218608999391,23.332380932943813
578,-132.33333333333334,-143.73906891452881,-120.92759775213788,22.53786936592622
579,-130.73333333333332,-144.43959608570447,-117.02707058096216,27.083738458508435
580,-132.73333333333332,-146.37466632348307,-119.09200034318356,26.955436474959104
581,-134.93333333333334,-147.49564959062235,-122.37101707604431,24.82328655830157
582,-140.86666666666667,-156.14725670375233,-125.58607662958102,30.1946279254366
583,-129.8,-142.6787230284856,-116.92127697151444,25.448510107011508
584,-124.26666666666667,-136.69370097691737,-111.83963235641596,24.55596781956589
585,-128.06666666666666,-141.64904608402344,-114.48428724930989,26.83894351290469
586,-145.0,-157.66590762638035,-132.33409237361965,25.027984337537053
587,-135.06666666666666,-151.57774996019788,-118.55558337313543,32.626097256984664
588,-133.66666666666666,-147.75889149430097,-119.57444183903236,27.84640411655017
589,-142.2,-154.3529834727481,-130.04701652725188,24.014440100350733
590,-128.8,-142.24305372715258,-115.35694627284742,26.563634289506897
591,-126.6,-138.92263567766426,-114.27736432233573,24.349674878048507
592,-129.93333333333334,-142.78188263204723,-117.08478403461943,25.38888645757343
593,-137.4,-147.92138515595738,-126.87861484404264,20.790382391865712
594,-134.8,-146.69597830080963,-122.9040216991904,23.506594819326764
595,-126.93333333333334,-138.73892987684388,-115.12773678982279,23.32799939033683
596,-123.93333333333334,-134.84766378937616,-113.01900287729053,21.566846985335822
597,-124.6,-139.95964295881328,-109.24035704118673,30.35083744039583
598,-125.53333333333333,-138.26360220949064,-112.80306445717603,25.155162933724405
599,-133.26666666666668,-152.77364354883582,-113.75968978449754,38.546018673211314
